id,label,municipality,neighbours
Abisko,Abisko,Kiruna kommun,"Esrange,Karesuando A,Katterjåkk,Katterjåkk A,Lainio,Naimakka A,Rensjön A,Vittangi,Kiruna Flygplats,Tarfala A,Jukkasjärvi D,Lannavaara D,Parakka,Saarikoski D,Svappavaara,Övre Soppero"
Abraur,Abraur,Arvidsjaurs kommun,"Arvidsjaur A,Glommersträsk,Vidsel,Vidsel Mo"
Adak D,Adak D,Malå kommun,"Malå,Malå Brännan A,Långträsk D"
Adelsö A,Adelsö A,Ekerö kommun,
Alingsås D,Alingsås D,Alingsås kommun,"Gendalen,Uplo"
Almdalen,Almdalen,Krokoms kommun,"Föllinge A,Korsvattnet A,Kaxås Åflo D,Litsnäset,Lundsjön,Långan D,Olden D,Tullus D"
Almunge,Almunge,Uppsala kommun,"Uppsala Aut,Uppsala Flygplats,Björklinge D,Uppsala,Vattholma D,Vällnora D"
Andersviksberg,Andersviksberg,Malung-Sälens kommun,"Malung A,Löten D,Öje D"
Ankarsrum D,Ankarsrum D,Västerviks kommun,"Gladhammar A,Hellerö,Tyllinge D"
Arjeplog A,Arjeplog A,Arjeplogs kommun,"Jäckvik,Mierkenis A,Arjeplog Myrheden D,Svartberget D,Vaxborg"
Arjeplog Myrheden D,Arjeplog-Myrheden D,Arjeplogs kommun,"Arjeplog A,Jäckvik,Mierkenis A,Svartberget D,Vaxborg"
Arvidsjaur A,Arvidsjaur A,Arvidsjaurs kommun,"Abraur,Glommersträsk,Vidsel,Vidsel Mo"
Arvika A,Arvika A,Arvika kommun,Sölje D
Asker D,Asker D,Örebro kommun,"Kilsbergen Suttarboda A,Örebro A,Ön,Örebro D"
Askim D,Askim D,Göteborgs kommun,"Göteborg A,Vinga A"
Aspa D,Aspa D,Nyköpings kommun,"Frändesta,Vrena"
Aspeå,Aspeå,Örnsköldsviks kommun,"Hemling A,Skagsudde A,Örnsköldsviks Flygplats,Bredbyn D,Hattsjöbäcken D,Myckelgensjö,Södersel D,Örnsköldsvik"
Austers D,Austers D,Gotlands kommun,"Fårösund Ar A,Gotska Sandön A,Hemse,Hoburg A,Mästerby,Visby Flygplats,Östergarnsholm A,Burs D,Hejnum,Hoburg D,Ljugarn D,Sanda,Visby D,Vänge"
Avasjö Borgafjäll D,Avasjö-Borgafjäll D,Dorotea kommun,Högland D
Avesta,Avesta,Avesta kommun,Brovallen
Axstål Mo,Axstål Mo,Karlsborgs kommun,Karlsborg Mo
Backe D,Backe D,Strömsunds kommun,"Gubbhögen A,Gäddede A,Hallhåxåsen A,Hoting A,Jormlien,Frostviken D,Fågelberget D,Hammerdal D,Hillsand,Håkafot D,Kyrktåsjö D,Leipikvattnet,Lövberga D,Rossön,Strömsund Edet D"
Bakarebo D,Bakarebo D,Ljungby kommun,"Ljungby A,Lidhult D,Ljungby D,Åby"
Balsjö D,Balsjö D,Bjurholms kommun,
Baramossa,Baramossa,Laholms kommun,"Knäred D,Laholm D"
Barkåkra,Barkåkra,Ängelholms kommun,Munka Ljungby D
Bastansjö D,Bastansjö D,Storumans kommun,"Gunnarn A,Hemavan Flygplats,Hemavan Giertevarto A,Blaiken D,Hemavan D,Mjölkbäcken,Nordanås"
Beddingestrand,Beddingestrand,Trelleborgs kommun,Trelleborg
Bengtsfors D,Bengtsfors D,Bengtsfors kommun,"Blomskog A,Bäckefors"
Berg,Berg,Växjö kommun,"Växjö A,Söraby,Växjö D"
Berga Mo,Berga Mo,Haninge kommun,"Dalarö D,Nämdö,Västerhaninge"
Bergsjö,Bergsjö,Nordanstigs kommun,"Sänningstjärn D,Åsnorrbodarna"
Bispgården,Bispgården,Ragunda kommun,"Krångede A,Borgvattnet D"
Bjursås,Bjursås,Falu kommun,"Falun Lugnet,Hillersboda,Tänger D"
Bjuröklubb A,Bjuröklubb A,Skellefteå kommun,"Pite Rönnskär A,Skellefteå Flygplats,Bygdsiljum D,Grönliden,Holmfors D,Jörn D,Kalvträsk D,Kusmark D,Kåge"
Bjärby D,Bjärby D,Borgholms kommun,"Ölands Norra Udde,Ölands Norra Udde A,Löttorp D,Skedemosse D"
Bjärnum D,Bjärnum D,Hässleholms kommun,Hästveda Mo
Björklinge D,Björklinge D,Uppsala kommun,"Uppsala Aut,Uppsala Flygplats,Almunge,Uppsala,Vattholma D,Vällnora D"
Björkudden,Björkudden,Jokkmokks kommun,"Jokkmokk,Jokkmokk Flygplats Mo,Kvikkjokk Årrenjarka A,Tjåkaape Mo,Stora Sjöfallet A,Kvikkjokk Årrenjarka,Murjek D,Puottaure"
Björkvik D,Björkvik D,Katrineholms kommun,"Floda A,Glindran,Granhed D,Sköldinge"
Björnstorp,Björnstorp,Lunds kommun,"Lund,Vomb"
Blaiken D,Blaiken D,Storumans kommun,"Gunnarn A,Hemavan Flygplats,Hemavan Giertevarto A,Bastansjö D,Hemavan D,Mjölkbäcken,Nordanås"
Blomskog A,Blomskog A,Bengtsfors kommun,"Bengtsfors D,Bäckefors"
Blåhammaren A,Blåhammaren A,Åre kommun,"Edevik,Höglekardalen,Mörsil,Norderön,Storlien Storvallen A,Sylarna A,Bottnen,Digernäset D,Järpströmmen,Marby D,Medstugan,Sandnäs,Vallbo"
Boden Mo,Boden Mo,Bodens kommun,"Lakaträsk A,Brännberg D,Harads D"
Bollebygd,Bollebygd,Bollebygds kommun,
Bollerup,Bollerup,Ystads kommun,Ystad
Bollnäs D,Bollnäs D,Bollnäs kommun,"Kilafors D,Simeå"
Borgvattnet D,Borgvattnet D,Ragunda kommun,"Krångede A,Bispgården"
Borlänge D,Borlänge D,Borlänge kommun,"Stora Spånsberget A,Borlänge Flygplats"
Borlänge Flygplats,Borlänge Flygplats,Borlänge kommun,"Stora Spånsberget A,Borlänge D"
Borås,Borås,Borås kommun,"Rångedala A,Häggårda"
Bottnen,Bottnen,Åre kommun,"Edevik,Höglekardalen,Mörsil,Norderön,Storlien Storvallen A,Blåhammaren A,Sylarna A,Digernäset D,Järpströmmen,Marby D,Medstugan,Sandnäs,Vallbo"
Boxholm D,Boxholm D,Boxholms kommun,Malexander A
Bredbyn D,Bredbyn D,Örnsköldsviks kommun,"Hemling A,Skagsudde A,Örnsköldsviks Flygplats,Aspeå,Hattsjöbäcken D,Myckelgensjö,Södersel D,Örnsköldsvik"
Bredåkra D,Bredåkra D,Ronneby kommun,"Ronneby Bredåkra,Eringsboda D"
Bromölla,Bromölla,Bromölla kommun,
Brovallen,Brovallen,Avesta kommun,Avesta
Brämön A,Brämön A,Sundsvalls kommun,"Sidsjö D,Ulvsjön D,Västerlo D"
Brände,Brände,Robertsfors kommun,
Brännberg D,Brännberg D,Bodens kommun,"Boden Mo,Lakaträsk A,Harads D"
Brännforssund,Brännforssund,Vindelns kommun,"Petisträsk A,Vindeln Sunnansjönäs,Granö D,Malkälen D"
Brösarp D,Brösarp D,Tomelilla kommun,Tomelilla
Buresjön A,Buresjön A,Sorsele kommun,"Sorsele,Fjällsjönäs,Gargnäs D,Klippen D,Sadiliden"
Burs D,Burs D,Gotlands kommun,"Fårösund Ar A,Gotska Sandön A,Hemse,Hoburg A,Mästerby,Visby Flygplats,Östergarnsholm A,Austers D,Hejnum,Hoburg D,Ljugarn D,Sanda,Visby D,Vänge"
Bygdsiljum D,Bygdsiljum D,Skellefteå kommun,"Bjuröklubb A,Pite Rönnskär A,Skellefteå Flygplats,Grönliden,Holmfors D,Jörn D,Kalvträsk D,Kusmark D,Kåge"
Bäckefors,Bäckefors,Bengtsfors kommun,"Blomskog A,Bengtsfors D"
Bäverträsk,Bäverträsk,Lycksele kommun,"Lycksele A,Granträsk D,Norrby,Rusksele D"
Börrum D,Börrum D,Söderköpings kommun,"Harstena A,Gustorp D,Söderköping D"
Börtnan A,Börtnan A,Bergs kommun,"Klövsjöhöjden A,Dödre,Handsjön D,Ljungdalen,Rätan,Åsarna D"
Charlottenberg,Charlottenberg,Eda kommun,
Daglösen A,Daglösen A,Filipstads kommun,"Lesjöfors D,Persberg"
Dala Järna D,Dala-Järna D,Vansbro kommun,Sågen D
Dalarö D,Dalarö D,Haninge kommun,"Berga Mo,Nämdö,Västerhaninge"
Degeberga D,Degeberga D,Kristianstads kommun,"Kristianstad,Knopparp D,Norra Ströö"
Degerfors D,Degerfors D,Degerfors kommun,Åtorp
Delsbo A,Delsbo A,Hudiksvalls kommun,"Hudiksvall,Kuggören A,Nianfors"
Digernäset D,Digernäset D,Åre kommun,"Edevik,Höglekardalen,Mörsil,Norderön,Storlien Storvallen A,Blåhammaren A,Sylarna A,Bottnen,Järpströmmen,Marby D,Medstugan,Sandnäs,Vallbo"
Djursätra,Djursätra,Skövde kommun,Skövde
Djurö D,Djurö D,Värmdö kommun,"Skarpö A,Sandhamn D"
Dravagen A,Dravagen A,Härjedalens kommun,"Hedeviken,Ljusnedal,Sveg A,Tännäs A,Ytterhogdal,Malmagen,Medskogen,Myskelåsen D,Ytterberg D"
Dödre,Dödre,Bergs kommun,"Börtnan A,Klövsjöhöjden A,Handsjön D,Ljungdalen,Rätan,Åsarna D"
Ed D,Ed D,Dals-Eds kommun,
Edevik,Edevik,Åre kommun,"Höglekardalen,Mörsil,Norderön,Storlien Storvallen A,Blåhammaren A,Sylarna A,Bottnen,Digernäset D,Järpströmmen,Marby D,Medstugan,Sandnäs,Vallbo"
Edsbyn A,Edsbyn A,Ovanåkers kommun,Lobonäs D
Eftra D,Eftra D,Falkenbergs kommun,"Källsjö,Ullared A"
Eggegrund A,Eggegrund A,Gävle kommun,"Gävle A,Gävle Åbyggeby,Hedesunda,Norrsundet"
Emmaboda D,Emmaboda D,Emmaboda kommun,
Enköping,Enköping,Enköpings kommun,"Enköping Mo,Hacksta,Skjörby"
Enköping Mo,Enköping Mo,Enköpings kommun,"Enköping,Hacksta,Skjörby"
Erikstad,Erikstad,Melleruds kommun,
Eringsboda D,Eringsboda D,Ronneby kommun,"Ronneby Bredåkra,Bredåkra D"
Eskilstuna,Eskilstuna,Eskilstuna kommun,"Eskilstuna A,Hyndevad,Lida D,Näshulta,Västermo"
Eskilstuna A,Eskilstuna A,Eskilstuna kommun,"Eskilstuna,Hyndevad,Lida D,Näshulta,Västermo"
Esrange,Esrange,Kiruna kommun,"Abisko,Karesuando A,Katterjåkk,Katterjåkk A,Lainio,Naimakka A,Rensjön A,Vittangi,Kiruna Flygplats,Tarfala A,Jukkasjärvi D,Lannavaara D,Parakka,Saarikoski D,Svappavaara,Övre Soppero"
Fagerhult D,Fagerhult D,Uppvidinge kommun,Älghult
Falkoping Valtorp D,Falkoping-Valtorp D,Falköpings kommun,
Falsterbo,Falsterbo,Vellinge kommun,Falsterbo A
Falsterbo A,Falsterbo A,Vellinge kommun,Falsterbo
Falun Lugnet,Falun-Lugnet,Falu kommun,"Bjursås,Hillersboda,Tänger D"
Films Kyrkby A,Films Kyrkby A,Östhammars kommun,"Risinge,Örskär A,Söderby Karlsäng D"
Finnbacka D,Finnbacka D,Rättviks kommun,Östanvik D
Finspång,Finspång,Finspångs kommun,Regna D
Fjällsjönäs,Fjällsjönäs,Sorsele kommun,"Buresjön A,Sorsele,Gargnäs D,Klippen D,Sadiliden"
Floda A,Floda A,Katrineholms kommun,"Björkvik D,Glindran,Granhed D,Sköldinge"
Forse,Forse,Sollefteå kommun,"Junsele A,Lännäs,Storfinnforsen,Multrå D,Näsåker,Resele,Sollefteå,Åkroken D"
Fotskäl D,Fotskäl D,Marks kommun,"Grebbeshult,Horred,Sätila"
Fredrika A,Fredrika A,Åsele kommun,"Åsele,Åsele A,Ytterrissjö D"
Fredriksberg,Fredriksberg,Ludvika kommun,"Ludvika,Nyhammar"
Fridlevstad D,Fridlevstad D,Karlskrona kommun,"Karlskrona Söderstj. Mo,Utklippan A,Komstorp,Lyckeby,Trolleboda D,Tvingelshed"
Frostviken D,Frostviken D,Strömsunds kommun,"Gubbhögen A,Gäddede A,Hallhåxåsen A,Hoting A,Jormlien,Backe D,Fågelberget D,Hammerdal D,Hillsand,Håkafot D,Kyrktåsjö D,Leipikvattnet,Lövberga D,Rossön,Strömsund Edet D"
Frändesta,Frändesta,Nyköpings kommun,"Aspa D,Vrena"
Frösön,Frösön,Östersunds kommun,Tandsbyn D
Fägre D,Fägre D,Töreboda kommun,Älgarås D
Fågelberget D,Fågelberget D,Strömsunds kommun,"Gubbhögen A,Gäddede A,Hallhåxåsen A,Hoting A,Jormlien,Backe D,Frostviken D,Hammerdal D,Hillsand,Håkafot D,Kyrktåsjö D,Leipikvattnet,Lövberga D,Rossön,Strömsund Edet D"
Fågelsjö D,Fågelsjö D,Ljusdals kommun,"Hamra A,Järvsö,Föne D,Hennan D,Lillhamra D,Ljusdals Valsjön,Los D"
Fårösund Ar A,Fårösund Ar A,Gotlands kommun,"Gotska Sandön A,Hemse,Hoburg A,Mästerby,Visby Flygplats,Östergarnsholm A,Austers D,Burs D,Hejnum,Hoburg D,Ljugarn D,Sanda,Visby D,Vänge"
Föllinge A,Föllinge A,Krokoms kommun,"Almdalen,Korsvattnet A,Kaxås Åflo D,Litsnäset,Lundsjön,Långan D,Olden D,Tullus D"
Föne D,Föne D,Ljusdals kommun,"Hamra A,Järvsö,Fågelsjö D,Hennan D,Lillhamra D,Ljusdals Valsjön,Los D"
Gargnäs D,Gargnäs D,Sorsele kommun,"Buresjön A,Sorsele,Fjällsjönäs,Klippen D,Sadiliden"
Gendalen,Gendalen,Alingsås kommun,"Alingsås D,Uplo"
Gesunda D,Gesunda D,Mora kommun,"Mora A,Ulvsjö,Våmhus D"
Gielas A,Gielas A,Vilhelmina kommun,"Laxbäcken,Vilhelmina A,Stekenjokk A,Kittelfjäll D,Latikberg D,Stalon II"
Gillastig,Gillastig,Svalövs kommun,
Gladhammar A,Gladhammar A,Västerviks kommun,"Ankarsrum D,Hellerö,Tyllinge D"
Glindran,Glindran,Katrineholms kommun,"Floda A,Björkvik D,Granhed D,Sköldinge"
Glommersträsk,Glommersträsk,Arvidsjaurs kommun,"Abraur,Arvidsjaur A,Vidsel,Vidsel Mo"
Gnesta,Gnesta,Södertälje kommun,Södertälje
Godegård D,Godegård D,Motala kommun,"Kettstaka A,Zinkgruvan,Motala,Tjällmo D"
Gotska Sandön A,Gotska Sandön A,Gotlands kommun,"Fårösund Ar A,Hemse,Hoburg A,Mästerby,Visby Flygplats,Östergarnsholm A,Austers D,Burs D,Hejnum,Hoburg D,Ljugarn D,Sanda,Visby D,Vänge"
Granhed D,Granhed D,Katrineholms kommun,"Floda A,Björkvik D,Glindran,Sköldinge"
Granträsk D,Granträsk D,Lycksele kommun,"Lycksele A,Bäverträsk,Norrby,Rusksele D"
Granö D,Granö D,Vindelns kommun,"Petisträsk A,Vindeln Sunnansjönäs,Brännforssund,Malkälen D"
Grebbeshult,Grebbeshult,Marks kommun,"Fotskäl D,Horred,Sätila"
Grebbestad,Grebbestad,Tanums kommun,Väderöarna A
Grums,Grums,Grums kommun,
Grythyttan,Grythyttan,Hällefors kommun,Silvergruvan
Gräsås D,Gräsås D,Karlstads kommun,"Karlstad Flygplats,Väse D"
Grönliden,Grönliden,Skellefteå kommun,"Bjuröklubb A,Pite Rönnskär A,Skellefteå Flygplats,Bygdsiljum D,Holmfors D,Jörn D,Kalvträsk D,Kusmark D,Kåge"
Gubbhögen A,Gubbhögen A,Strömsunds kommun,"Gäddede A,Hallhåxåsen A,Hoting A,Jormlien,Backe D,Frostviken D,Fågelberget D,Hammerdal D,Hillsand,Håkafot D,Kyrktåsjö D,Leipikvattnet,Lövberga D,Rossön,Strömsund Edet D"
Gullspång,Gullspång,Gullspångs kommun,
Gunnarn A,Gunnarn A,Storumans kommun,"Hemavan Flygplats,Hemavan Giertevarto A,Bastansjö D,Blaiken D,Hemavan D,Mjölkbäcken,Nordanås"
Gustavsfors,Gustavsfors,Hagfors kommun,Gustavsfors A
Gustavsfors A,Gustavsfors A,Hagfors kommun,Gustavsfors
Gustorp D,Gustorp D,Söderköpings kommun,"Harstena A,Börrum D,Söderköping D"
Gäddede A,Gäddede A,Strömsunds kommun,"Gubbhögen A,Hallhåxåsen A,Hoting A,Jormlien,Backe D,Frostviken D,Fågelberget D,Hammerdal D,Hillsand,Håkafot D,Kyrktåsjö D,Leipikvattnet,Lövberga D,Rossön,Strömsund Edet D"
Gällivare A,Gällivare A,Gällivare kommun,"Latnivaara A,Malmberget,Nattavaara A,Nikkaluokta A,Ritsem A,Sadjem D,Skröven D"
Gävle A,Gävle A,Gävle kommun,"Eggegrund A,Gävle Åbyggeby,Hedesunda,Norrsundet"
Gävle Åbyggeby,Gävle-Åbyggeby,Gävle kommun,"Gävle A,Eggegrund A,Hedesunda,Norrsundet"
Gåltjärn,Gåltjärn,Härnösands kommun,"Härnösand,Lungö A"
Gårdsjö A,Gårdsjö A,Laxå kommun,
Gördalen D,Gördalen D,Älvdalens kommun,"Älvdalen A,Idre Fjäll A,Särna A,Häggberget D,Idre D,Mångsbodarna,Nornäs D,Storbron,Särna D,Trängslet"
Göteborg A,Göteborg A,Göteborgs kommun,"Vinga A,Askim D"
Hacksta,Hacksta,Enköpings kommun,"Enköping Mo,Enköping,Skjörby"
Hagshult Mo,Hagshult Mo,Värnamo kommun,"Räfsebo D,Åminne D"
Hallands Väderö A,Hallands Väderö A,Båstads kommun,Hov
Hallhåxåsen A,Hallhåxåsen A,Strömsunds kommun,"Gubbhögen A,Gäddede A,Hoting A,Jormlien,Backe D,Frostviken D,Fågelberget D,Hammerdal D,Hillsand,Håkafot D,Kyrktåsjö D,Leipikvattnet,Lövberga D,Rossön,Strömsund Edet D"
Hallstaberg,Hallstaberg,Västerås kommun,"Västerås,Skultuna"
Halmstad,Halmstad,Halmstads kommun,Marbäck D
Hammarby Gästrike D,Hammarby-Gästrike D,Sandvikens kommun,"Kungsberget D,Österfärnebo"
Hammerdal D,Hammerdal D,Strömsunds kommun,"Gubbhögen A,Gäddede A,Hallhåxåsen A,Hoting A,Jormlien,Backe D,Frostviken D,Fågelberget D,Hillsand,Håkafot D,Kyrktåsjö D,Leipikvattnet,Lövberga D,Rossön,Strömsund Edet D"
Hamra A,Hamra A,Ljusdals kommun,"Järvsö,Fågelsjö D,Föne D,Hennan D,Lillhamra D,Ljusdals Valsjön,Los D"
Handsjön D,Handsjön D,Bergs kommun,"Börtnan A,Klövsjöhöjden A,Dödre,Ljungdalen,Rätan,Åsarna D"
Hanö A,Hanö A,Sölvesborgs kommun,
Haparanda A,Haparanda A,Haparanda kommun,"Haparanda D,Karungi"
Haparanda D,Haparanda D,Haparanda kommun,"Haparanda A,Karungi"
Harads D,Harads D,Bodens kommun,"Boden Mo,Lakaträsk A,Brännberg D"
Harstena A,Harstena A,Söderköpings kommun,"Börrum D,Gustorp D,Söderköping D"
Hattsjöbäcken D,Hattsjöbäcken D,Örnsköldsviks kommun,"Hemling A,Skagsudde A,Örnsköldsviks Flygplats,Aspeå,Bredbyn D,Myckelgensjö,Södersel D,Örnsköldsvik"
Heden,Heden,Munkedals kommun,
Hedesunda,Hedesunda,Gävle kommun,"Gävle A,Eggegrund A,Gävle Åbyggeby,Norrsundet"
Hedeviken,Hedeviken,Härjedalens kommun,"Dravagen A,Ljusnedal,Sveg A,Tännäs A,Ytterhogdal,Malmagen,Medskogen,Myskelåsen D,Ytterberg D"
Hejnum,Hejnum,Gotlands kommun,"Fårösund Ar A,Gotska Sandön A,Hemse,Hoburg A,Mästerby,Visby Flygplats,Östergarnsholm A,Austers D,Burs D,Hoburg D,Ljugarn D,Sanda,Visby D,Vänge"
Hellerö,Hellerö,Västerviks kommun,"Gladhammar A,Ankarsrum D,Tyllinge D"
Helsingborg 2,Helsingborg 2,Helsingborgs kommun,"Helsingborg A,Tånga"
Helsingborg A,Helsingborg A,Helsingborgs kommun,"Helsingborg 2,Tånga"
Hemavan D,Hemavan D,Storumans kommun,"Gunnarn A,Hemavan Flygplats,Hemavan Giertevarto A,Bastansjö D,Blaiken D,Mjölkbäcken,Nordanås"
Hemavan Flygplats,Hemavan Flygplats,Storumans kommun,"Gunnarn A,Hemavan Giertevarto A,Bastansjö D,Blaiken D,Hemavan D,Mjölkbäcken,Nordanås"
Hemavan Giertevarto A,Hemavan-Giertevarto A,Storumans kommun,"Gunnarn A,Hemavan Flygplats,Bastansjö D,Blaiken D,Hemavan D,Mjölkbäcken,Nordanås"
Hemling A,Hemling A,Örnsköldsviks kommun,"Skagsudde A,Örnsköldsviks Flygplats,Aspeå,Bredbyn D,Hattsjöbäcken D,Myckelgensjö,Södersel D,Örnsköldsvik"
Hemse,Hemse,Gotlands kommun,"Fårösund Ar A,Gotska Sandön A,Hoburg A,Mästerby,Visby Flygplats,Östergarnsholm A,Austers D,Burs D,Hejnum,Hoburg D,Ljugarn D,Sanda,Visby D,Vänge"
Hennan D,Hennan D,Ljusdals kommun,"Hamra A,Järvsö,Fågelsjö D,Föne D,Lillhamra D,Ljusdals Valsjön,Los D"
Henån,Henån,Orusts kommun,Måseskär A
Herrljunga D,Herrljunga D,Herrljunga kommun,
Hestra D,Hestra D,Gislaveds kommun,"Reftele D,Skeppshult D"
Hid D,Hid D,Svenljunga kommun,
Hillersboda,Hillersboda,Falu kommun,"Falun Lugnet,Bjursås,Tänger D"
Hillsand,Hillsand,Strömsunds kommun,"Gubbhögen A,Gäddede A,Hallhåxåsen A,Hoting A,Jormlien,Backe D,Frostviken D,Fågelberget D,Hammerdal D,Håkafot D,Kyrktåsjö D,Leipikvattnet,Lövberga D,Rossön,Strömsund Edet D"
Hinshult,Hinshult,Nybro kommun,"Nybro Slättingebygd D,Orrefors D"
Hjo,Hjo,Hjo kommun,
Hjortkvarn D,Hjortkvarn D,Hallsbergs kommun,
Hoburg A,Hoburg A,Gotlands kommun,"Fårösund Ar A,Gotska Sandön A,Hemse,Mästerby,Visby Flygplats,Östergarnsholm A,Austers D,Burs D,Hejnum,Hoburg D,Ljugarn D,Sanda,Visby D,Vänge"
Hoburg D,Hoburg D,Gotlands kommun,"Fårösund Ar A,Gotska Sandön A,Hemse,Hoburg A,Mästerby,Visby Flygplats,Östergarnsholm A,Austers D,Burs D,Hejnum,Ljugarn D,Sanda,Visby D,Vänge"
Hofors,Hofors,Hofors kommun,Torsåker D
Holmbo D,Holmbo D,Åtvidabergs kommun,
Holmfors D,Holmfors D,Skellefteå kommun,"Bjuröklubb A,Pite Rönnskär A,Skellefteå Flygplats,Bygdsiljum D,Grönliden,Jörn D,Kalvträsk D,Kusmark D,Kåge"
Holmön A,Holmön A,Umeå kommun,"Umeå Flygplats,Holmön D,Röbäcksdalen,Tavelsjö D"
Holmön D,Holmön D,Umeå kommun,"Holmön A,Umeå Flygplats,Röbäcksdalen,Tavelsjö D"
Horn A,Horn A,Kinda kommun,Kisa D
Horred,Horred,Marks kommun,"Fotskäl D,Grebbeshult,Sätila"
Hoting A,Hoting A,Strömsunds kommun,"Gubbhögen A,Gäddede A,Hallhåxåsen A,Jormlien,Backe D,Frostviken D,Fågelberget D,Hammerdal D,Hillsand,Håkafot D,Kyrktåsjö D,Leipikvattnet,Lövberga D,Rossön,Strömsund Edet D"
Hov,Hov,Båstads kommun,Hallands Väderö A
Hudiksvall,Hudiksvall,Hudiksvalls kommun,"Delsbo A,Kuggören A,Nianfors"
Hult D,Hult D,Norrköpings kommun,"Kolmården Strömsfors A,Norrköping SMHI,Skärkind D,Vånga D,Östra Husby D"
Hunge A,Hunge A,Bräcke kommun,"Mälgåsen D,Rissna D,Västerövsjö D,Öraåtjärnarna D"
Huskvarna,Huskvarna,Jönköpings kommun,"Ramsjöholm,Visingsö A,Jönköpings Flygplats,Högemålen D"
Hyltan,Hyltan,Älmhults kommun,Pjätteryd
Hyndevad,Hyndevad,Eskilstuna kommun,"Eskilstuna A,Eskilstuna,Lida D,Näshulta,Västermo"
Häggberget D,Häggberget D,Älvdalens kommun,"Älvdalen A,Idre Fjäll A,Särna A,Gördalen D,Idre D,Mångsbodarna,Nornäs D,Storbron,Särna D,Trängslet"
Häggårda,Häggårda,Borås kommun,"Borås,Rångedala A"
Hälleforsnäs D,Hälleforsnäs D,Flens kommun,
Hällum A,Hällum A,Vara kommun,Vedum
Härnebo,Härnebo,Söderhamns kommun,Söderala D
Härnösand,Härnösand,Härnösands kommun,"Lungö A,Gåltjärn"
Härryda,Härryda,Härryda kommun,Landvetter Flygplats
Härsnäs,Härsnäs,Mjölby kommun,Sya
Hässleby D,Hässleby D,Eksjö kommun,"Prästkulla,Värne"
Hästveda Mo,Hästveda Mo,Hässleholms kommun,Bjärnum D
Håkafot D,Håkafot D,Strömsunds kommun,"Gubbhögen A,Gäddede A,Hallhåxåsen A,Hoting A,Jormlien,Backe D,Frostviken D,Fågelberget D,Hammerdal D,Hillsand,Kyrktåsjö D,Leipikvattnet,Lövberga D,Rossön,Strömsund Edet D"
Håvelund,Håvelund,Strömstads kommun,Nordkoster A
Högboda,Högboda,Kils kommun,
Högemålen D,Högemålen D,Jönköpings kommun,"Ramsjöholm,Visingsö A,Jönköpings Flygplats,Huskvarna"
Högland D,Högland D,Dorotea kommun,Avasjö Borgafjäll D
Höglandsbodarna D,Höglandsbodarna D,Timrå kommun,"Sundsvalls Flygplats,Stordalen Midlanda D"
Höglekardalen,Höglekardalen,Åre kommun,"Edevik,Mörsil,Norderön,Storlien Storvallen A,Blåhammaren A,Sylarna A,Bottnen,Digernäset D,Järpströmmen,Marby D,Medstugan,Sandnäs,Vallbo"
Höljes,Höljes,Torsby kommun,"Östmark Åsarna,Kindsjön D,Letafors D,Stöllet D,Tåsan"
Hörby A,Hörby A,Hörby kommun,
Idre D,Idre D,Älvdalens kommun,"Älvdalen A,Idre Fjäll A,Särna A,Gördalen D,Häggberget D,Mångsbodarna,Nornäs D,Storbron,Särna D,Trängslet"
Idre Fjäll A,Idre Fjäll A,Älvdalens kommun,"Älvdalen A,Särna A,Gördalen D,Häggberget D,Idre D,Mångsbodarna,Nornäs D,Storbron,Särna D,Trängslet"
Jarhois,Jarhois,Pajala kommun,"Markusvinsa,Paharova A,Pajala A,Parkalompolo A,Saittarova A,Kangos D,Keräntöjärvi,Kätkesuando,Parkajoki,Saittarova D,Tärendö D"
Jokkmokk,Jokkmokk,Jokkmokks kommun,"Björkudden,Jokkmokk Flygplats Mo,Kvikkjokk Årrenjarka A,Tjåkaape Mo,Stora Sjöfallet A,Kvikkjokk Årrenjarka,Murjek D,Puottaure"
Jokkmokk Flygplats Mo,Jokkmokk Flygplats Mo,Jokkmokks kommun,"Björkudden,Jokkmokk,Kvikkjokk Årrenjarka A,Tjåkaape Mo,Stora Sjöfallet A,Kvikkjokk Årrenjarka,Murjek D,Puottaure"
Jormlien,Jormlien,Strömsunds kommun,"Gubbhögen A,Gäddede A,Hallhåxåsen A,Hoting A,Backe D,Frostviken D,Fågelberget D,Hammerdal D,Hillsand,Håkafot D,Kyrktåsjö D,Leipikvattnet,Lövberga D,Rossön,Strömsund Edet D"
Jukkasjärvi D,Jukkasjärvi D,Kiruna kommun,"Abisko,Esrange,Karesuando A,Katterjåkk,Katterjåkk A,Lainio,Naimakka A,Rensjön A,Vittangi,Kiruna Flygplats,Tarfala A,Lannavaara D,Parakka,Saarikoski D,Svappavaara,Övre Soppero"
Junsele A,Junsele A,Sollefteå kommun,"Forse,Lännäs,Storfinnforsen,Multrå D,Näsåker,Resele,Sollefteå,Åkroken D"
Jäckvik,Jäckvik,Arjeplogs kommun,"Arjeplog A,Mierkenis A,Arjeplog Myrheden D,Svartberget D,Vaxborg"
Järnäsklubb A,Järnäsklubb A,Nordmalings kommun,"Nordanbäck D,Torrböle D"
Järpströmmen,Järpströmmen,Åre kommun,"Edevik,Höglekardalen,Mörsil,Norderön,Storlien Storvallen A,Blåhammaren A,Sylarna A,Bottnen,Digernäset D,Marby D,Medstugan,Sandnäs,Vallbo"
Järvsö,Järvsö,Ljusdals kommun,"Hamra A,Fågelsjö D,Föne D,Hennan D,Lillhamra D,Ljusdals Valsjön,Los D"
Jönköpings Flygplats,Jönköpings Flygplats,Jönköpings kommun,"Ramsjöholm,Visingsö A,Huskvarna,Högemålen D"
Jörn D,Jörn D,Skellefteå kommun,"Bjuröklubb A,Pite Rönnskär A,Skellefteå Flygplats,Bygdsiljum D,Grönliden,Holmfors D,Kalvträsk D,Kusmark D,Kåge"
Kalix D,Kalix D,Kalix kommun,Storön A
Kalmar D,Kalmar D,Kalmar kommun,Kalmar Flygplats
Kalmar Flygplats,Kalmar Flygplats,Kalmar kommun,Kalmar D
Kalvträsk D,Kalvträsk D,Skellefteå kommun,"Bjuröklubb A,Pite Rönnskär A,Skellefteå Flygplats,Bygdsiljum D,Grönliden,Holmfors D,Jörn D,Kusmark D,Kåge"
Kangos D,Kangos D,Pajala kommun,"Markusvinsa,Paharova A,Pajala A,Parkalompolo A,Saittarova A,Jarhois,Keräntöjärvi,Kätkesuando,Parkajoki,Saittarova D,Tärendö D"
Karesuando A,Karesuando A,Kiruna kommun,"Abisko,Esrange,Katterjåkk,Katterjåkk A,Lainio,Naimakka A,Rensjön A,Vittangi,Kiruna Flygplats,Tarfala A,Jukkasjärvi D,Lannavaara D,Parakka,Saarikoski D,Svappavaara,Övre Soppero"
Karlsborg Mo,Karlsborg Mo,Karlsborgs kommun,Axstål Mo
Karlshamn,Karlshamn,Karlshamns kommun,
Karlskoga,Karlskoga,Karlskoga kommun,
Karlskrona Söderstj. Mo,Karlskrona-Söderstj. Mo,Karlskrona kommun,"Utklippan A,Fridlevstad D,Komstorp,Lyckeby,Trolleboda D,Tvingelshed"
Karlstad Flygplats,Karlstad Flygplats,Karlstads kommun,"Gräsås D,Väse D"
Karungi,Karungi,Haparanda kommun,"Haparanda A,Haparanda D"
Kastlösa,Kastlösa,Mörbylånga kommun,"Ölands Södra Udde A,Norra Möckleby D,Segerstad"
Katterjåkk,Katterjåkk,Kiruna kommun,"Abisko,Esrange,Karesuando A,Katterjåkk A,Lainio,Naimakka A,Rensjön A,Vittangi,Kiruna Flygplats,Tarfala A,Jukkasjärvi D,Lannavaara D,Parakka,Saarikoski D,Svappavaara,Övre Soppero"
Katterjåkk A,Katterjåkk A,Kiruna kommun,"Abisko,Esrange,Karesuando A,Katterjåkk,Lainio,Naimakka A,Rensjön A,Vittangi,Kiruna Flygplats,Tarfala A,Jukkasjärvi D,Lannavaara D,Parakka,Saarikoski D,Svappavaara,Övre Soppero"
Kaxås Åflo D,Kaxås-Åflo D,Krokoms kommun,"Almdalen,Föllinge A,Korsvattnet A,Litsnäset,Lundsjön,Långan D,Olden D,Tullus D"
Kerstinbo A,Kerstinbo A,Heby kommun,"Tärnsjö D,Vittinge,Östervåla D"
Keräntöjärvi,Keräntöjärvi,Pajala kommun,"Markusvinsa,Paharova A,Pajala A,Parkalompolo A,Saittarova A,Jarhois,Kangos D,Kätkesuando,Parkajoki,Saittarova D,Tärendö D"
Kettstaka A,Kettstaka A,Motala kommun,"Zinkgruvan,Godegård D,Motala,Tjällmo D"
Kilafors D,Kilafors D,Bollnäs kommun,"Bollnäs D,Simeå"
Kilagården,Kilagården,Skara kommun,"Remningstorp,Skara"
Kilsbergen Suttarboda A,Kilsbergen-Suttarboda A,Örebro kommun,"Örebro A,Asker D,Ön,Örebro D"
Kindsboda,Kindsboda,Tranemo kommun,Sjötofta D
Kindsjön D,Kindsjön D,Torsby kommun,"Höljes,Östmark Åsarna,Letafors D,Stöllet D,Tåsan"
Kiruna Flygplats,Kiruna Flygplats,Kiruna kommun,"Abisko,Esrange,Karesuando A,Katterjåkk,Katterjåkk A,Lainio,Naimakka A,Rensjön A,Vittangi,Tarfala A,Jukkasjärvi D,Lannavaara D,Parakka,Saarikoski D,Svappavaara,Övre Soppero"
Kisa D,Kisa D,Kinda kommun,Horn A
Kittelfjäll D,Kittelfjäll D,Vilhelmina kommun,"Gielas A,Laxbäcken,Vilhelmina A,Stekenjokk A,Latikberg D,Stalon II"
Klippan,Klippan,Klippans kommun,
Klippen D,Klippen D,Sorsele kommun,"Buresjön A,Sorsele,Fjällsjönäs,Gargnäs D,Sadiliden"
Kloten,Kloten,Lindesbergs kommun,"Kloten A,Spannarboda D"
Kloten A,Kloten A,Lindesbergs kommun,"Kloten,Spannarboda D"
Klöverträsk D,Klöverträsk D,Luleå kommun,"Luleå Bergnäset,Luleå Flygplats,Rödkallen A"
Klövsjöhöjden A,Klövsjöhöjden A,Bergs kommun,"Börtnan A,Dödre,Handsjön D,Ljungdalen,Rätan,Åsarna D"
Knopparp D,Knopparp D,Kristianstads kommun,"Kristianstad,Degeberga D,Norra Ströö"
Knäred D,Knäred D,Laholms kommun,"Baramossa,Laholm D"
Koler D,Koler D,Piteå kommun,Piteå
Kolmården Strömsfors A,Kolmården-Strömsfors A,Norrköpings kommun,"Norrköping SMHI,Hult D,Skärkind D,Vånga D,Östra Husby D"
Kolsva D,Kolsva D,Köpings kommun,
Komperöd,Komperöd,Stenungsunds kommun,
Komstorp,Komstorp,Karlskrona kommun,"Karlskrona Söderstj. Mo,Utklippan A,Fridlevstad D,Lyckeby,Trolleboda D,Tvingelshed"
Kopparberg D,Kopparberg D,Ljusnarsbergs kommun,Ställdalen
Korsberga,Korsberga,Vetlanda kommun,Nävelsjö
Korsvattnet A,Korsvattnet A,Krokoms kommun,"Almdalen,Föllinge A,Kaxås Åflo D,Litsnäset,Lundsjön,Långan D,Olden D,Tullus D"
Kosta Mo,Kosta Mo,Lessebo kommun,Lessebo
Kramfors,Kramfors,Kramfors kommun,"Västmarkum A,Nora Östanö D,Ullånger"
Kristianstad,Kristianstad,Kristianstads kommun,"Degeberga D,Knopparp D,Norra Ströö"
Kristinehamn,Kristinehamn,Kristinehamns kommun,
Krokshult D,Krokshult D,Oskarshamns kommun,"Oskarshamn,Kråkemåla"
Kroppefjäll Granan A,Kroppefjäll-Granan A,Vänersborgs kommun,Vänersborg
Kråkemåla,Kråkemåla,Oskarshamns kommun,"Oskarshamn,Krokshult D"
Krångede A,Krångede A,Ragunda kommun,"Bispgården,Borgvattnet D"
Kuggören A,Kuggören A,Hudiksvalls kommun,"Delsbo A,Hudiksvall,Nianfors"
Kungsberget D,Kungsberget D,Sandvikens kommun,"Hammarby Gästrike D,Österfärnebo"
Kusmark D,Kusmark D,Skellefteå kommun,"Bjuröklubb A,Pite Rönnskär A,Skellefteå Flygplats,Bygdsiljum D,Grönliden,Holmfors D,Jörn D,Kalvträsk D,Kåge"
Kvarn Mo,Kvarn Mo,Linköpings kommun,"Malmslätt,Linköping D"
Kvikkjokk Årrenjarka,Kvikkjokk-Årrenjarka,Jokkmokks kommun,"Björkudden,Jokkmokk,Jokkmokk Flygplats Mo,Kvikkjokk Årrenjarka A,Tjåkaape Mo,Stora Sjöfallet A,Murjek D,Puottaure"
Kvikkjokk Årrenjarka A,Kvikkjokk-Årrenjarka A,Jokkmokks kommun,"Björkudden,Jokkmokk,Jokkmokk Flygplats Mo,Tjåkaape Mo,Stora Sjöfallet A,Kvikkjokk Årrenjarka,Murjek D,Puottaure"
Kypäsjärvi D,Kypäsjärvi D,Övertorneå kommun,"Ylinenjärvi A,Övertorneå,Svanstein"
Kyrktåsjö D,Kyrktåsjö D,Strömsunds kommun,"Gubbhögen A,Gäddede A,Hallhåxåsen A,Hoting A,Jormlien,Backe D,Frostviken D,Fågelberget D,Hammerdal D,Hillsand,Håkafot D,Leipikvattnet,Lövberga D,Rossön,Strömsund Edet D"
Källsjö,Källsjö,Falkenbergs kommun,"Ullared A,Eftra D"
Kärna,Kärna,Kungälvs kommun,
Kätkesuando,Kätkesuando,Pajala kommun,"Markusvinsa,Paharova A,Pajala A,Parkalompolo A,Saittarova A,Jarhois,Kangos D,Keräntöjärvi,Parkajoki,Saittarova D,Tärendö D"
Kävsjö D,Kävsjö D,Gnosjö kommun,
Kåge,Kåge,Skellefteå kommun,"Bjuröklubb A,Pite Rönnskär A,Skellefteå Flygplats,Bygdsiljum D,Grönliden,Holmfors D,Jörn D,Kalvträsk D,Kusmark D"
Kållered D,Kållered D,Mölndals kommun,
Kölsillre,Kölsillre,Ånge kommun,"Torpshammar A,Rotnäset D,Ånge Parteboda D"
Laholm D,Laholm D,Laholms kommun,"Baramossa,Knäred D"
Lainio,Lainio,Kiruna kommun,"Abisko,Esrange,Karesuando A,Katterjåkk,Katterjåkk A,Naimakka A,Rensjön A,Vittangi,Kiruna Flygplats,Tarfala A,Jukkasjärvi D,Lannavaara D,Parakka,Saarikoski D,Svappavaara,Övre Soppero"
Lakaträsk A,Lakaträsk A,Bodens kommun,"Boden Mo,Brännberg D,Harads D"
Landskrona D,Landskrona D,Landskrona kommun,Ven
Landsort,Landsort,Nynäshamns kommun,"Landsort A,Nynäshamn,Sjögärde"
Landsort A,Landsort A,Nynäshamns kommun,"Landsort,Nynäshamn,Sjögärde"
Landvetter Flygplats,Landvetter Flygplats,Härryda kommun,Härryda
Lanna,Lanna,Lidköpings kommun,"Naven A,Såtenäs,Lidköping,Traneberg"
Lannavaara D,Lannavaara D,Kiruna kommun,"Abisko,Esrange,Karesuando A,Katterjåkk,Katterjåkk A,Lainio,Naimakka A,Rensjön A,Vittangi,Kiruna Flygplats,Tarfala A,Jukkasjärvi D,Parakka,Saarikoski D,Svappavaara,Övre Soppero"
Latikberg D,Latikberg D,Vilhelmina kommun,"Gielas A,Laxbäcken,Vilhelmina A,Stekenjokk A,Kittelfjäll D,Stalon II"
Latnivaara A,Latnivaara A,Gällivare kommun,"Gällivare A,Malmberget,Nattavaara A,Nikkaluokta A,Ritsem A,Sadjem D,Skröven D"
Laxbäcken,Laxbäcken,Vilhelmina kommun,"Gielas A,Vilhelmina A,Stekenjokk A,Kittelfjäll D,Latikberg D,Stalon II"
Leipikvattnet,Leipikvattnet,Strömsunds kommun,"Gubbhögen A,Gäddede A,Hallhåxåsen A,Hoting A,Jormlien,Backe D,Frostviken D,Fågelberget D,Hammerdal D,Hillsand,Håkafot D,Kyrktåsjö D,Lövberga D,Rossön,Strömsund Edet D"
Leksand,Leksand,Leksands kommun,
Lesjöfors D,Lesjöfors D,Filipstads kommun,"Daglösen A,Persberg"
Lessebo,Lessebo,Lessebo kommun,Kosta Mo
Letafors D,Letafors D,Torsby kommun,"Höljes,Östmark Åsarna,Kindsjön D,Stöllet D,Tåsan"
Lida D,Lida D,Eskilstuna kommun,"Eskilstuna A,Eskilstuna,Hyndevad,Näshulta,Västermo"
Lidhult D,Lidhult D,Ljungby kommun,"Ljungby A,Bakarebo D,Ljungby D,Åby"
Lidköping,Lidköping,Lidköpings kommun,"Naven A,Såtenäs,Lanna,Traneberg"
Lillhamra D,Lillhamra D,Ljusdals kommun,"Hamra A,Järvsö,Fågelsjö D,Föne D,Hennan D,Ljusdals Valsjön,Los D"
Linhult D,Linhult D,Varbergs kommun,"Varberg,Veddige D"
Linköping D,Linköping D,Linköpings kommun,"Kvarn Mo,Malmslätt"
Litsnäset,Litsnäset,Krokoms kommun,"Almdalen,Föllinge A,Korsvattnet A,Kaxås Åflo D,Lundsjön,Långan D,Olden D,Tullus D"
Ljugarn D,Ljugarn D,Gotlands kommun,"Fårösund Ar A,Gotska Sandön A,Hemse,Hoburg A,Mästerby,Visby Flygplats,Östergarnsholm A,Austers D,Burs D,Hejnum,Hoburg D,Sanda,Visby D,Vänge"
Ljungby A,Ljungby A,Ljungby kommun,"Bakarebo D,Lidhult D,Ljungby D,Åby"
Ljungby D,Ljungby D,Ljungby kommun,"Ljungby A,Bakarebo D,Lidhult D,Åby"
Ljungdalen,Ljungdalen,Bergs kommun,"Börtnan A,Klövsjöhöjden A,Dödre,Handsjön D,Rätan,Åsarna D"
Ljusdals Valsjön,Ljusdals-Valsjön,Ljusdals kommun,"Hamra A,Järvsö,Fågelsjö D,Föne D,Hennan D,Lillhamra D,Los D"
Ljusnedal,Ljusnedal,Härjedalens kommun,"Dravagen A,Hedeviken,Sveg A,Tännäs A,Ytterhogdal,Malmagen,Medskogen,Myskelåsen D,Ytterberg D"
Lobonäs D,Lobonäs D,Ovanåkers kommun,Edsbyn A
Los D,Los D,Ljusdals kommun,"Hamra A,Järvsö,Fågelsjö D,Föne D,Hennan D,Lillhamra D,Ljusdals Valsjön"
Louisefred,Louisefred,Höganäs kommun,Nyhamnsläge
Ludvika,Ludvika,Ludvika kommun,"Fredriksberg,Nyhammar"
Luleå Bergnäset,Luleå-Bergnäset,Luleå kommun,"Luleå Flygplats,Rödkallen A,Klöverträsk D"
Luleå Flygplats,Luleå Flygplats,Luleå kommun,"Luleå Bergnäset,Rödkallen A,Klöverträsk D"
Lund,Lund,Lunds kommun,"Björnstorp,Vomb"
Lundsjön,Lundsjön,Krokoms kommun,"Almdalen,Föllinge A,Korsvattnet A,Kaxås Åflo D,Litsnäset,Långan D,Olden D,Tullus D"
Lungö A,Lungö A,Härnösands kommun,"Härnösand,Gåltjärn"
Lyckeby,Lyckeby,Karlskrona kommun,"Karlskrona Söderstj. Mo,Utklippan A,Fridlevstad D,Komstorp,Trolleboda D,Tvingelshed"
Lycksele A,Lycksele A,Lycksele kommun,"Bäverträsk,Granträsk D,Norrby,Rusksele D"
Lysekil D,Lysekil D,Lysekils kommun,
Lännäs,Lännäs,Sollefteå kommun,"Forse,Junsele A,Storfinnforsen,Multrå D,Näsåker,Resele,Sollefteå,Åkroken D"
Långan D,Långan D,Krokoms kommun,"Almdalen,Föllinge A,Korsvattnet A,Kaxås Åflo D,Litsnäset,Lundsjön,Olden D,Tullus D"
Långshyttan D,Långshyttan D,Hedemora kommun,
Långträsk D,Långträsk D,Malå kommun,"Malå,Malå Brännan A,Adak D"
Löten D,Löten D,Malung-Sälens kommun,"Malung A,Andersviksberg,Öje D"
Löttorp D,Löttorp D,Borgholms kommun,"Ölands Norra Udde,Ölands Norra Udde A,Bjärby D,Skedemosse D"
Lövberga D,Lövberga D,Strömsunds kommun,"Gubbhögen A,Gäddede A,Hallhåxåsen A,Hoting A,Jormlien,Backe D,Frostviken D,Fågelberget D,Hammerdal D,Hillsand,Håkafot D,Kyrktåsjö D,Leipikvattnet,Rossön,Strömsund Edet D"
Lövestad,Lövestad,Sjöbo kommun,Sjöbo D
Lövsta,Lövsta,Tierps kommun,
Malexander A,Malexander A,Boxholms kommun,Boxholm D
Malkälen D,Malkälen D,Vindelns kommun,"Petisträsk A,Vindeln Sunnansjönäs,Brännforssund,Granö D"
Malmagen,Malmagen,Härjedalens kommun,"Dravagen A,Hedeviken,Ljusnedal,Sveg A,Tännäs A,Ytterhogdal,Medskogen,Myskelåsen D,Ytterberg D"
Malmberget,Malmberget,Gällivare kommun,"Gällivare A,Latnivaara A,Nattavaara A,Nikkaluokta A,Ritsem A,Sadjem D,Skröven D"
Malmbäck D,Malmbäck D,Nässjö kommun,Tomtabacken A
Malmslätt,Malmslätt,Linköpings kommun,"Kvarn Mo,Linköping D"
Malmö,Malmö,Malmö kommun,Malmö A
Malmö A,Malmö A,Malmö kommun,Malmö
Malung A,Malung A,Malung-Sälens kommun,"Andersviksberg,Löten D,Öje D"
Malå,Malå,Malå kommun,"Malå Brännan A,Adak D,Långträsk D"
Malå Brännan A,Malå-Brännan A,Malå kommun,"Malå,Adak D,Långträsk D"
Marby D,Marby D,Åre kommun,"Edevik,Höglekardalen,Mörsil,Norderön,Storlien Storvallen A,Blåhammaren A,Sylarna A,Bottnen,Digernäset D,Järpströmmen,Medstugan,Sandnäs,Vallbo"
Marbäck D,Marbäck D,Halmstads kommun,Halmstad
Mariefred,Mariefred,Strängnäs kommun,"Strängnäs Vansö,Ytterselö D"
Mariestad,Mariestad,Mariestads kommun,
Markaryd,Markaryd,Markaryds kommun,
Markusvinsa,Markusvinsa,Pajala kommun,"Paharova A,Pajala A,Parkalompolo A,Saittarova A,Jarhois,Kangos D,Keräntöjärvi,Kätkesuando,Parkajoki,Saittarova D,Tärendö D"
Medskogen,Medskogen,Härjedalens kommun,"Dravagen A,Hedeviken,Ljusnedal,Sveg A,Tännäs A,Ytterhogdal,Malmagen,Myskelåsen D,Ytterberg D"
Medstugan,Medstugan,Åre kommun,"Edevik,Höglekardalen,Mörsil,Norderön,Storlien Storvallen A,Blåhammaren A,Sylarna A,Bottnen,Digernäset D,Järpströmmen,Marby D,Sandnäs,Vallbo"
Mierkenis A,Mierkenis A,Arjeplogs kommun,"Arjeplog A,Jäckvik,Arjeplog Myrheden D,Svartberget D,Vaxborg"
Mjölkbäcken,Mjölkbäcken,Storumans kommun,"Gunnarn A,Hemavan Flygplats,Hemavan Giertevarto A,Bastansjö D,Blaiken D,Hemavan D,Nordanås"
Mockfjärd D,Mockfjärd D,Gagnefs kommun,
Moheda D,Moheda D,Alvesta kommun,
Mollsjönäs D,Mollsjönäs D,Ale kommun,
Mora A,Mora A,Mora kommun,"Ulvsjö,Gesunda D,Våmhus D"
Motala,Motala,Motala kommun,"Kettstaka A,Zinkgruvan,Godegård D,Tjällmo D"
Mullsjö D,Mullsjö D,Mullsjö kommun,Sandhem
Multrå D,Multrå D,Sollefteå kommun,"Forse,Junsele A,Lännäs,Storfinnforsen,Näsåker,Resele,Sollefteå,Åkroken D"
Munka Ljungby D,Munka-Ljungby D,Ängelholms kommun,Barkåkra
Munkfors,Munkfors,Munkfors kommun,
Murjek D,Murjek D,Jokkmokks kommun,"Björkudden,Jokkmokk,Jokkmokk Flygplats Mo,Kvikkjokk Årrenjarka A,Tjåkaape Mo,Stora Sjöfallet A,Kvikkjokk Årrenjarka,Puottaure"
Myckelgensjö,Myckelgensjö,Örnsköldsviks kommun,"Hemling A,Skagsudde A,Örnsköldsviks Flygplats,Aspeå,Bredbyn D,Hattsjöbäcken D,Södersel D,Örnsköldsvik"
Myskelåsen D,Myskelåsen D,Härjedalens kommun,"Dravagen A,Hedeviken,Ljusnedal,Sveg A,Tännäs A,Ytterhogdal,Malmagen,Medskogen,Ytterberg D"
Mälgåsen D,Mälgåsen D,Bräcke kommun,"Hunge A,Rissna D,Västerövsjö D,Öraåtjärnarna D"
Mästerby,Mästerby,Gotlands kommun,"Fårösund Ar A,Gotska Sandön A,Hemse,Hoburg A,Visby Flygplats,Östergarnsholm A,Austers D,Burs D,Hejnum,Hoburg D,Ljugarn D,Sanda,Visby D,Vänge"
Målilla A,Målilla A,Hultsfreds kommun,"Ungsberg,Virserum Rödmossa"
Mångsbodarna,Mångsbodarna,Älvdalens kommun,"Älvdalen A,Idre Fjäll A,Särna A,Gördalen D,Häggberget D,Idre D,Nornäs D,Storbron,Särna D,Trängslet"
Måseskär A,Måseskär A,Orusts kommun,Henån
Mönsterås D,Mönsterås D,Mönsterås kommun,
Mörsil,Mörsil,Åre kommun,"Edevik,Höglekardalen,Norderön,Storlien Storvallen A,Blåhammaren A,Sylarna A,Bottnen,Digernäset D,Järpströmmen,Marby D,Medstugan,Sandnäs,Vallbo"
Naimakka A,Naimakka A,Kiruna kommun,"Abisko,Esrange,Karesuando A,Katterjåkk,Katterjåkk A,Lainio,Rensjön A,Vittangi,Kiruna Flygplats,Tarfala A,Jukkasjärvi D,Lannavaara D,Parakka,Saarikoski D,Svappavaara,Övre Soppero"
Nattavaara A,Nattavaara A,Gällivare kommun,"Gällivare A,Latnivaara A,Malmberget,Nikkaluokta A,Ritsem A,Sadjem D,Skröven D"
Naven A,Naven A,Lidköpings kommun,"Såtenäs,Lanna,Lidköping,Traneberg"
Nianfors,Nianfors,Hudiksvalls kommun,"Delsbo A,Hudiksvall,Kuggören A"
Nidingen A,Nidingen A,Kungsbacka kommun,"Onsala D,Rossared D"
Nikkaluokta A,Nikkaluokta A,Gällivare kommun,"Gällivare A,Latnivaara A,Malmberget,Nattavaara A,Ritsem A,Sadjem D,Skröven D"
Nobynäs D,Nobynäs D,Aneby kommun,
Nora D,Nora D,Nora kommun,
Nora Östanö D,Nora-Östanö D,Kramfors kommun,"Västmarkum A,Kramfors,Ullånger"
Norberg,Norberg,Norbergs kommun,
Nordanbäck D,Nordanbäck D,Nordmalings kommun,"Järnäsklubb A,Torrböle D"
Nordanås,Nordanås,Storumans kommun,"Gunnarn A,Hemavan Flygplats,Hemavan Giertevarto A,Bastansjö D,Blaiken D,Hemavan D,Mjölkbäcken"
Norderön,Norderön,Åre kommun,"Edevik,Höglekardalen,Mörsil,Storlien Storvallen A,Blåhammaren A,Sylarna A,Bottnen,Digernäset D,Järpströmmen,Marby D,Medstugan,Sandnäs,Vallbo"
Nordkoster A,Nordkoster A,Strömstads kommun,Håvelund
Nornäs D,Nornäs D,Älvdalens kommun,"Älvdalen A,Idre Fjäll A,Särna A,Gördalen D,Häggberget D,Idre D,Mångsbodarna,Storbron,Särna D,Trängslet"
Norra Möckleby D,Norra Möckleby D,Mörbylånga kommun,"Ölands Södra Udde A,Kastlösa,Segerstad"
Norra Ströö,Norra Ströö,Kristianstads kommun,"Kristianstad,Degeberga D,Knopparp D"
Norra Vi D,Norra Vi D,Ydre kommun,Svinhult D
Norrby,Norrby,Lycksele kommun,"Lycksele A,Bäverträsk,Granträsk D,Rusksele D"
Norrby S,Norrby S,Norrtälje kommun,"Svanberga A,Svenska Högarna,Svenska högarna A,Söderarm A,Norrveda"
Norrköping SMHI,Norrköping-SMHI,Norrköpings kommun,"Kolmården Strömsfors A,Hult D,Skärkind D,Vånga D,Östra Husby D"
Norrsundet,Norrsundet,Gävle kommun,"Gävle A,Eggegrund A,Gävle Åbyggeby,Hedesunda"
Norrveda,Norrveda,Norrtälje kommun,"Svanberga A,Svenska Högarna,Svenska högarna A,Söderarm A,Norrby S"
Norsborg II,Norsborg II,Botkyrka kommun,"Tullinge A,Wiad"
Norsjö A,Norsjö A,Norsjö kommun,Talliden
Nybro Slättingebygd D,Nybro-Slättingebygd D,Nybro kommun,"Hinshult,Orrefors D"
Nyhammar,Nyhammar,Ludvika kommun,"Fredriksberg,Ludvika"
Nyhamnsläge,Nyhamnsläge,Höganäs kommun,Louisefred
Nynäshamn,Nynäshamn,Nynäshamns kommun,"Landsort,Landsort A,Sjögärde"
Nämdö,Nämdö,Haninge kommun,"Berga Mo,Dalarö D,Västerhaninge"
Näshulta,Näshulta,Eskilstuna kommun,"Eskilstuna A,Eskilstuna,Hyndevad,Lida D,Västermo"
Näsåker,Näsåker,Sollefteå kommun,"Forse,Junsele A,Lännäs,Storfinnforsen,Multrå D,Resele,Sollefteå,Åkroken D"
Nävelsjö,Nävelsjö,Vetlanda kommun,Korsberga
Ockelbo,Ockelbo,Ockelbo kommun,Åmot A
Olastorp,Olastorp,Osby kommun,Osby
Olden D,Olden D,Krokoms kommun,"Almdalen,Föllinge A,Korsvattnet A,Kaxås Åflo D,Litsnäset,Lundsjön,Långan D,Tullus D"
Olofström,Olofström,Olofströms kommun,
Omberg D,Omberg D,Vadstena kommun,Vadstena D
Onsala D,Onsala D,Kungsbacka kommun,"Nidingen A,Rossared D"
Orrefors D,Orrefors D,Nybro kommun,"Hinshult,Nybro Slättingebygd D"
Orsa D,Orsa D,Orsa kommun,Skattungbyn D
Osby,Osby,Osby kommun,Olastorp
Oskarshamn,Oskarshamn,Oskarshamns kommun,"Krokshult D,Kråkemåla"
Oxelösund,Oxelösund,Oxelösunds kommun,
Paharova A,Paharova A,Pajala kommun,"Markusvinsa,Pajala A,Parkalompolo A,Saittarova A,Jarhois,Kangos D,Keräntöjärvi,Kätkesuando,Parkajoki,Saittarova D,Tärendö D"
Pajala A,Pajala A,Pajala kommun,"Markusvinsa,Paharova A,Parkalompolo A,Saittarova A,Jarhois,Kangos D,Keräntöjärvi,Kätkesuando,Parkajoki,Saittarova D,Tärendö D"
Parakka,Parakka,Kiruna kommun,"Abisko,Esrange,Karesuando A,Katterjåkk,Katterjåkk A,Lainio,Naimakka A,Rensjön A,Vittangi,Kiruna Flygplats,Tarfala A,Jukkasjärvi D,Lannavaara D,Saarikoski D,Svappavaara,Övre Soppero"
Parkajoki,Parkajoki,Pajala kommun,"Markusvinsa,Paharova A,Pajala A,Parkalompolo A,Saittarova A,Jarhois,Kangos D,Keräntöjärvi,Kätkesuando,Saittarova D,Tärendö D"
Parkalompolo A,Parkalompolo A,Pajala kommun,"Markusvinsa,Paharova A,Pajala A,Saittarova A,Jarhois,Kangos D,Keräntöjärvi,Kätkesuando,Parkajoki,Saittarova D,Tärendö D"
Persberg,Persberg,Filipstads kommun,"Daglösen A,Lesjöfors D"
Petisträsk A,Petisträsk A,Vindelns kommun,"Vindeln Sunnansjönäs,Brännforssund,Granö D,Malkälen D"
Pite Rönnskär A,Pite-Rönnskär A,Skellefteå kommun,"Bjuröklubb A,Skellefteå Flygplats,Bygdsiljum D,Grönliden,Holmfors D,Jörn D,Kalvträsk D,Kusmark D,Kåge"
Piteå,Piteå,Piteå kommun,Koler D
Pjätteryd,Pjätteryd,Älmhults kommun,Hyltan
Prästkulla,Prästkulla,Eksjö kommun,"Hässleby D,Värne"
Puottaure,Puottaure,Jokkmokks kommun,"Björkudden,Jokkmokk,Jokkmokk Flygplats Mo,Kvikkjokk Årrenjarka A,Tjåkaape Mo,Stora Sjöfallet A,Kvikkjokk Årrenjarka,Murjek D"
Ramsjöholm,Ramsjöholm,Jönköpings kommun,"Visingsö A,Jönköpings Flygplats,Huskvarna,Högemålen D"
Reftele D,Reftele D,Gislaveds kommun,"Hestra D,Skeppshult D"
Regna D,Regna D,Finspångs kommun,Finspång
Remningstorp,Remningstorp,Skara kommun,"Skara,Kilagården"
Rensjön A,Rensjön A,Kiruna kommun,"Abisko,Esrange,Karesuando A,Katterjåkk,Katterjåkk A,Lainio,Naimakka A,Vittangi,Kiruna Flygplats,Tarfala A,Jukkasjärvi D,Lannavaara D,Parakka,Saarikoski D,Svappavaara,Övre Soppero"
Resele,Resele,Sollefteå kommun,"Forse,Junsele A,Lännäs,Storfinnforsen,Multrå D,Näsåker,Sollefteå,Åkroken D"
Riddarhyttan,Riddarhyttan,Skinnskattebergs kommun,
Risinge,Risinge,Östhammars kommun,"Films Kyrkby A,Örskär A,Söderby Karlsäng D"
Rissna D,Rissna D,Bräcke kommun,"Hunge A,Mälgåsen D,Västerövsjö D,Öraåtjärnarna D"
Ritsem A,Ritsem A,Gällivare kommun,"Gällivare A,Latnivaara A,Malmberget,Nattavaara A,Nikkaluokta A,Sadjem D,Skröven D"
Ronneby Bredåkra,Ronneby-Bredåkra,Ronneby kommun,"Bredåkra D,Eringsboda D"
Rossared D,Rossared D,Kungsbacka kommun,"Nidingen A,Onsala D"
Rossön,Rossön,Strömsunds kommun,"Gubbhögen A,Gäddede A,Hallhåxåsen A,Hoting A,Jormlien,Backe D,Frostviken D,Fågelberget D,Hammerdal D,Hillsand,Håkafot D,Kyrktåsjö D,Leipikvattnet,Lövberga D,Strömsund Edet D"
Rotnäset D,Rotnäset D,Ånge kommun,"Torpshammar A,Kölsillre,Ånge Parteboda D"
Rusksele D,Rusksele D,Lycksele kommun,"Lycksele A,Bäverträsk,Granträsk D,Norrby"
Räfsebo D,Räfsebo D,Värnamo kommun,"Hagshult Mo,Åminne D"
Rätan,Rätan,Bergs kommun,"Börtnan A,Klövsjöhöjden A,Dödre,Handsjön D,Ljungdalen,Åsarna D"
Rångedala A,Rångedala A,Borås kommun,"Borås,Häggårda"
Röbäcksdalen,Röbäcksdalen,Umeå kommun,"Holmön A,Umeå Flygplats,Holmön D,Tavelsjö D"
Rödkallen A,Rödkallen A,Luleå kommun,"Luleå Bergnäset,Luleå Flygplats,Klöverträsk D"
Rödupp,Rödupp,Överkalix kommun,"Överkalix Svartbyn A,Talljärv D"
Rörastrand,Rörastrand,Tjörns kommun,
Rörvik D,Rörvik D,Sävsjö kommun,Sävsjö
Saarikoski D,Saarikoski D,Kiruna kommun,"Abisko,Esrange,Karesuando A,Katterjåkk,Katterjåkk A,Lainio,Naimakka A,Rensjön A,Vittangi,Kiruna Flygplats,Tarfala A,Jukkasjärvi D,Lannavaara D,Parakka,Svappavaara,Övre Soppero"
Sadiliden,Sadiliden,Sorsele kommun,"Buresjön A,Sorsele,Fjällsjönäs,Gargnäs D,Klippen D"
Sadjem D,Sadjem D,Gällivare kommun,"Gällivare A,Latnivaara A,Malmberget,Nattavaara A,Nikkaluokta A,Ritsem A,Skröven D"
Saittarova A,Saittarova A,Pajala kommun,"Markusvinsa,Paharova A,Pajala A,Parkalompolo A,Jarhois,Kangos D,Keräntöjärvi,Kätkesuando,Parkajoki,Saittarova D,Tärendö D"
Saittarova D,Saittarova D,Pajala kommun,"Markusvinsa,Paharova A,Pajala A,Parkalompolo A,Saittarova A,Jarhois,Kangos D,Keräntöjärvi,Kätkesuando,Parkajoki,Tärendö D"
Sala,Sala,Sala kommun,Sala A
Sala A,Sala A,Sala kommun,Sala
Sanda,Sanda,Gotlands kommun,"Fårösund Ar A,Gotska Sandön A,Hemse,Hoburg A,Mästerby,Visby Flygplats,Östergarnsholm A,Austers D,Burs D,Hejnum,Hoburg D,Ljugarn D,Visby D,Vänge"
Sandhamn D,Sandhamn D,Värmdö kommun,"Skarpö A,Djurö D"
Sandhem,Sandhem,Mullsjö kommun,Mullsjö D
Sandnäs,Sandnäs,Åre kommun,"Edevik,Höglekardalen,Mörsil,Norderön,Storlien Storvallen A,Blåhammaren A,Sylarna A,Bottnen,Digernäset D,Järpströmmen,Marby D,Medstugan,Vallbo"
Segerstad,Segerstad,Mörbylånga kommun,"Ölands Södra Udde A,Kastlösa,Norra Möckleby D"
Sidsjö D,Sidsjö D,Sundsvalls kommun,"Brämön A,Ulvsjön D,Västerlo D"
Silvergruvan,Silvergruvan,Hällefors kommun,Grythyttan
Simeå,Simeå,Bollnäs kommun,"Bollnäs D,Kilafors D"
Sjöbo D,Sjöbo D,Sjöbo kommun,Lövestad
Sjögärde,Sjögärde,Nynäshamns kommun,"Landsort,Landsort A,Nynäshamn"
Sjötofta D,Sjötofta D,Tranemo kommun,Kindsboda
Skagsudde A,Skagsudde A,Örnsköldsviks kommun,"Hemling A,Örnsköldsviks Flygplats,Aspeå,Bredbyn D,Hattsjöbäcken D,Myckelgensjö,Södersel D,Örnsköldsvik"
Skara,Skara,Skara kommun,"Remningstorp,Kilagården"
Skarpö A,Skarpö A,Värmdö kommun,"Djurö D,Sandhamn D"
Skattungbyn D,Skattungbyn D,Orsa kommun,Orsa D
Skedemosse D,Skedemosse D,Borgholms kommun,"Ölands Norra Udde,Ölands Norra Udde A,Bjärby D,Löttorp D"
Skellefteå Flygplats,Skellefteå Flygplats,Skellefteå kommun,"Bjuröklubb A,Pite Rönnskär A,Bygdsiljum D,Grönliden,Holmfors D,Jörn D,Kalvträsk D,Kusmark D,Kåge"
Skeppshult D,Skeppshult D,Gislaveds kommun,"Hestra D,Reftele D"
Skillingaryd,Skillingaryd,Vaggeryds kommun,
Skillinge A,Skillinge A,Simrishamns kommun,Stiby
Skjörby,Skjörby,Enköpings kommun,"Enköping Mo,Enköping,Hacksta"
Skröven D,Skröven D,Gällivare kommun,"Gällivare A,Latnivaara A,Malmberget,Nattavaara A,Nikkaluokta A,Ritsem A,Sadjem D"
Skultuna,Skultuna,Västerås kommun,"Västerås,Hallstaberg"
Skurup D,Skurup D,Skurups kommun,
Skärkind D,Skärkind D,Norrköpings kommun,"Kolmården Strömsfors A,Norrköping SMHI,Hult D,Vånga D,Östra Husby D"
Sköldinge,Sköldinge,Katrineholms kommun,"Floda A,Björkvik D,Glindran,Granhed D"
Skövde,Skövde,Skövde kommun,Djursätra
Sollefteå,Sollefteå,Sollefteå kommun,"Forse,Junsele A,Lännäs,Storfinnforsen,Multrå D,Näsåker,Resele,Åkroken D"
Sorsele,Sorsele,Sorsele kommun,"Buresjön A,Fjällsjönäs,Gargnäs D,Klippen D,Sadiliden"
Spannarboda D,Spannarboda D,Lindesbergs kommun,"Kloten A,Kloten"
Stalon II,Stalon II,Vilhelmina kommun,"Gielas A,Laxbäcken,Vilhelmina A,Stekenjokk A,Kittelfjäll D,Latikberg D"
Stehag,Stehag,Höörs kommun,
Stekenjokk A,Stekenjokk A,Vilhelmina kommun,"Gielas A,Laxbäcken,Vilhelmina A,Kittelfjäll D,Latikberg D,Stalon II"
Stiby,Stiby,Simrishamns kommun,Skillinge A
Stockholm,Stockholm,Stockholms kommun,"Stockholm A,Stockholm Bromma"
Stockholm A,Stockholm A,Stockholms kommun,"Stockholm,Stockholm Bromma"
Stockholm Arlanda,Stockholm-Arlanda,Sigtuna kommun,
Stockholm Bromma,Stockholm-Bromma,Stockholms kommun,"Stockholm,Stockholm A"
Stora Sjöfallet A,Stora Sjöfallet A,Jokkmokks kommun,"Björkudden,Jokkmokk,Jokkmokk Flygplats Mo,Kvikkjokk Årrenjarka A,Tjåkaape Mo,Kvikkjokk Årrenjarka,Murjek D,Puottaure"
Stora Skedvi,Stora Skedvi,Säters kommun,
Stora Spånsberget A,Stora Spånsberget A,Borlänge kommun,"Borlänge Flygplats,Borlänge D"
Storbron,Storbron,Älvdalens kommun,"Älvdalen A,Idre Fjäll A,Särna A,Gördalen D,Häggberget D,Idre D,Mångsbodarna,Nornäs D,Särna D,Trängslet"
Stordalen Midlanda D,Stordalen-Midlanda D,Timrå kommun,"Sundsvalls Flygplats,Höglandsbodarna D"
Storfinnforsen,Storfinnforsen,Sollefteå kommun,"Forse,Junsele A,Lännäs,Multrå D,Näsåker,Resele,Sollefteå,Åkroken D"
Storlien Storvallen A,Storlien-Storvallen A,Åre kommun,"Edevik,Höglekardalen,Mörsil,Norderön,Blåhammaren A,Sylarna A,Bottnen,Digernäset D,Järpströmmen,Marby D,Medstugan,Sandnäs,Vallbo"
Stormyra,Stormyra,Tyresö kommun,
Storön A,Storön A,Kalix kommun,Kalix D
Strängnäs Vansö,Strängnäs-Vansö,Strängnäs kommun,"Mariefred,Ytterselö D"
Strömsund Edet D,Strömsund-Edet D,Strömsunds kommun,"Gubbhögen A,Gäddede A,Hallhåxåsen A,Hoting A,Jormlien,Backe D,Frostviken D,Fågelberget D,Hammerdal D,Hillsand,Håkafot D,Kyrktåsjö D,Leipikvattnet,Lövberga D,Rossön"
Sturup,Sturup,Svedala kommun,
Ställdalen,Ställdalen,Ljusnarsbergs kommun,Kopparberg D
Stångsmåla D,Stångsmåla D,Tingsryds kommun,Tingsryd Degerhaga
Stöllet D,Stöllet D,Torsby kommun,"Höljes,Östmark Åsarna,Kindsjön D,Letafors D,Tåsan"
Sundsvalls Flygplats,Sundsvalls Flygplats,Timrå kommun,"Höglandsbodarna D,Stordalen Midlanda D"
Sunne A,Sunne A,Sunne kommun,"Uddheden D,Östra Ämtervik"
Svanberga A,Svanberga A,Norrtälje kommun,"Svenska Högarna,Svenska högarna A,Söderarm A,Norrby S,Norrveda"
Svaneholm D,Svaneholm D,Säffle kommun,"Säffle,Värmlandsnäs Ekenäs D"
Svanstein,Svanstein,Övertorneå kommun,"Ylinenjärvi A,Övertorneå,Kypäsjärvi D"
Svappavaara,Svappavaara,Kiruna kommun,"Abisko,Esrange,Karesuando A,Katterjåkk,Katterjåkk A,Lainio,Naimakka A,Rensjön A,Vittangi,Kiruna Flygplats,Tarfala A,Jukkasjärvi D,Lannavaara D,Parakka,Saarikoski D,Övre Soppero"
Svartberget D,Svartberget D,Arjeplogs kommun,"Arjeplog A,Jäckvik,Mierkenis A,Arjeplog Myrheden D,Vaxborg"
Sveg A,Sveg A,Härjedalens kommun,"Dravagen A,Hedeviken,Ljusnedal,Tännäs A,Ytterhogdal,Malmagen,Medskogen,Myskelåsen D,Ytterberg D"
Svenska Högarna,Svenska Högarna,Norrtälje kommun,"Svanberga A,Svenska högarna A,Söderarm A,Norrby S,Norrveda"
Svenska högarna A,Svenska högarna A,Norrtälje kommun,"Svanberga A,Svenska Högarna,Söderarm A,Norrby S,Norrveda"
Svinhult D,Svinhult D,Ydre kommun,Norra Vi D
Sya,Sya,Mjölby kommun,Härsnäs
Sylarna A,Sylarna A,Åre kommun,"Edevik,Höglekardalen,Mörsil,Norderön,Storlien Storvallen A,Blåhammaren A,Bottnen,Digernäset D,Järpströmmen,Marby D,Medstugan,Sandnäs,Vallbo"
Säffle,Säffle,Säffle kommun,"Svaneholm D,Värmlandsnäs Ekenäs D"
Sänningstjärn D,Sänningstjärn D,Nordanstigs kommun,"Bergsjö,Åsnorrbodarna"
Särna A,Särna A,Älvdalens kommun,"Älvdalen A,Idre Fjäll A,Gördalen D,Häggberget D,Idre D,Mångsbodarna,Nornäs D,Storbron,Särna D,Trängslet"
Särna D,Särna D,Älvdalens kommun,"Älvdalen A,Idre Fjäll A,Särna A,Gördalen D,Häggberget D,Idre D,Mångsbodarna,Nornäs D,Storbron,Trängslet"
Sätila,Sätila,Marks kommun,"Fotskäl D,Grebbeshult,Horred"
Sätra Gård,Sätra Gård,Upplands Väsby kommun,
Sävsjö,Sävsjö,Sävsjö kommun,Rörvik D
Sågen D,Sågen D,Vansbro kommun,Dala Järna D
Såtenäs,Såtenäs,Lidköpings kommun,"Naven A,Lanna,Lidköping,Traneberg"
Söderala D,Söderala D,Söderhamns kommun,Härnebo
Söderarm A,Söderarm A,Norrtälje kommun,"Svanberga A,Svenska Högarna,Svenska högarna A,Norrby S,Norrveda"
Söderby Karlsäng D,Söderby-Karlsäng D,Östhammars kommun,"Films Kyrkby A,Risinge,Örskär A"
Söderbärke D,Söderbärke D,Smedjebackens kommun,
Söderköping D,Söderköping D,Söderköpings kommun,"Harstena A,Börrum D,Gustorp D"
Södersel D,Södersel D,Örnsköldsviks kommun,"Hemling A,Skagsudde A,Örnsköldsviks Flygplats,Aspeå,Bredbyn D,Hattsjöbäcken D,Myckelgensjö,Örnsköldsvik"
Södertälje,Södertälje,Södertälje kommun,Gnesta
Södra Vi D,Södra Vi D,Vimmerby kommun,
Sölje D,Sölje D,Arvika kommun,Arvika A
Söraby,Söraby,Växjö kommun,"Berg,Växjö A,Växjö D"
Sörbytorp,Sörbytorp,Askersunds kommun,
Talliden,Talliden,Norsjö kommun,Norsjö A
Talljärv D,Talljärv D,Överkalix kommun,"Överkalix Svartbyn A,Rödupp"
Tandsbyn D,Tandsbyn D,Östersunds kommun,Frösön
Tarfala A,Tarfala A,Kiruna kommun,"Abisko,Esrange,Karesuando A,Katterjåkk,Katterjåkk A,Lainio,Naimakka A,Rensjön A,Vittangi,Kiruna Flygplats,Jukkasjärvi D,Lannavaara D,Parakka,Saarikoski D,Svappavaara,Övre Soppero"
Tavelsjö D,Tavelsjö D,Umeå kommun,"Holmön A,Umeå Flygplats,Holmön D,Röbäcksdalen"
Tidaholm D,Tidaholm D,Tidaholms kommun,
Tingsryd Degerhaga,Tingsryd-Degerhaga,Tingsryds kommun,Stångsmåla D
Tjällmo D,Tjällmo D,Motala kommun,"Kettstaka A,Zinkgruvan,Godegård D,Motala"
Tjåkaape Mo,Tjåkaape Mo,Jokkmokks kommun,"Björkudden,Jokkmokk,Jokkmokk Flygplats Mo,Kvikkjokk Årrenjarka A,Stora Sjöfallet A,Kvikkjokk Årrenjarka,Murjek D,Puottaure"
Tomelilla,Tomelilla,Tomelilla kommun,Brösarp D
Tomtabacken A,Tomtabacken A,Nässjö kommun,Malmbäck D
Torpshammar A,Torpshammar A,Ånge kommun,"Kölsillre,Rotnäset D,Ånge Parteboda D"
Torrböle D,Torrböle D,Nordmalings kommun,"Järnäsklubb A,Nordanbäck D"
Torsåker D,Torsåker D,Hofors kommun,Hofors
Torsås,Torsås,Torsås kommun,
Torup A,Torup A,Hylte kommun,
Traneberg,Traneberg,Lidköpings kommun,"Naven A,Såtenäs,Lanna,Lidköping"
Trelleborg,Trelleborg,Trelleborgs kommun,Beddingestrand
Trolleboda D,Trolleboda D,Karlskrona kommun,"Karlskrona Söderstj. Mo,Utklippan A,Fridlevstad D,Komstorp,Lyckeby,Tvingelshed"
Tryserum D,Tryserum D,Valdemarsviks kommun,
Trängslet,Trängslet,Älvdalens kommun,"Älvdalen A,Idre Fjäll A,Särna A,Gördalen D,Häggberget D,Idre D,Mångsbodarna,Nornäs D,Storbron,Särna D"
Trökörna,Trökörna,Grästorps kommun,
Tullinge A,Tullinge A,Botkyrka kommun,"Norsborg II,Wiad"
Tullus D,Tullus D,Krokoms kommun,"Almdalen,Föllinge A,Korsvattnet A,Kaxås Åflo D,Litsnäset,Lundsjön,Långan D,Olden D"
Tvingelshed,Tvingelshed,Karlskrona kommun,"Karlskrona Söderstj. Mo,Utklippan A,Fridlevstad D,Komstorp,Lyckeby,Trolleboda D"
Tyllinge D,Tyllinge D,Västerviks kommun,"Gladhammar A,Ankarsrum D,Hellerö"
Tänger D,Tänger D,Falu kommun,"Falun Lugnet,Bjursås,Hillersboda"
Tännäs A,Tännäs A,Härjedalens kommun,"Dravagen A,Hedeviken,Ljusnedal,Sveg A,Ytterhogdal,Malmagen,Medskogen,Myskelåsen D,Ytterberg D"
Tärendö D,Tärendö D,Pajala kommun,"Markusvinsa,Paharova A,Pajala A,Parkalompolo A,Saittarova A,Jarhois,Kangos D,Keräntöjärvi,Kätkesuando,Parkajoki,Saittarova D"
Tärnsjö D,Tärnsjö D,Heby kommun,"Kerstinbo A,Vittinge,Östervåla D"
Tånga,Tånga,Helsingborgs kommun,"Helsingborg A,Helsingborg 2"
Tåsan,Tåsan,Torsby kommun,"Höljes,Östmark Åsarna,Kindsjön D,Letafors D,Stöllet D"
Töcksfors D,Töcksfors D,Årjängs kommun,Årjäng
Uddevalla D,Uddevalla D,Uddevalla kommun,
Uddheden D,Uddheden D,Sunne kommun,"Sunne A,Östra Ämtervik"
Ullared A,Ullared A,Falkenbergs kommun,"Källsjö,Eftra D"
Ullånger,Ullånger,Kramfors kommun,"Västmarkum A,Kramfors,Nora Östanö D"
Ulricehamn,Ulricehamn,Ulricehamns kommun,
Ulvsjö,Ulvsjö,Mora kommun,"Mora A,Gesunda D,Våmhus D"
Ulvsjön D,Ulvsjön D,Sundsvalls kommun,"Brämön A,Sidsjö D,Västerlo D"
Umeå Flygplats,Umeå Flygplats,Umeå kommun,"Holmön A,Holmön D,Röbäcksdalen,Tavelsjö D"
Ungsberg,Ungsberg,Hultsfreds kommun,"Målilla A,Virserum Rödmossa"
Uplo,Uplo,Alingsås kommun,"Gendalen,Alingsås D"
Uppsala,Uppsala,Uppsala kommun,"Uppsala Aut,Uppsala Flygplats,Almunge,Björklinge D,Vattholma D,Vällnora D"
Uppsala Aut,Uppsala Aut,Uppsala kommun,"Uppsala Flygplats,Almunge,Björklinge D,Uppsala,Vattholma D,Vällnora D"
Uppsala Flygplats,Uppsala Flygplats,Uppsala kommun,"Uppsala Aut,Almunge,Björklinge D,Uppsala,Vattholma D,Vällnora D"
Utklippan A,Utklippan A,Karlskrona kommun,"Karlskrona Söderstj. Mo,Fridlevstad D,Komstorp,Lyckeby,Trolleboda D,Tvingelshed"
Vadstena D,Vadstena D,Vadstena kommun,Omberg D
Vagnhärad D,Vagnhärad D,Trosa kommun,Åda
Vallbo,Vallbo,Åre kommun,"Edevik,Höglekardalen,Mörsil,Norderön,Storlien Storvallen A,Blåhammaren A,Sylarna A,Bottnen,Digernäset D,Järpströmmen,Marby D,Medstugan,Sandnäs"
Vallentuna,Vallentuna,Vallentuna kommun,
Varberg,Varberg,Varbergs kommun,"Linhult D,Veddige D"
Vattholma D,Vattholma D,Uppsala kommun,"Uppsala Aut,Uppsala Flygplats,Almunge,Björklinge D,Uppsala,Vällnora D"
Vaxborg,Vaxborg,Arjeplogs kommun,"Arjeplog A,Jäckvik,Mierkenis A,Arjeplog Myrheden D,Svartberget D"
Veddige D,Veddige D,Varbergs kommun,"Varberg,Linhult D"
Vedum,Vedum,Vara kommun,Hällum A
Ven,Ven,Landskrona kommun,Landskrona D
Vidsel,Vidsel,Arvidsjaurs kommun,"Abraur,Arvidsjaur A,Glommersträsk,Vidsel Mo"
Vidsel Mo,Vidsel Mo,Arvidsjaurs kommun,"Abraur,Arvidsjaur A,Glommersträsk,Vidsel"
Vilhelmina A,Vilhelmina A,Vilhelmina kommun,"Gielas A,Laxbäcken,Stekenjokk A,Kittelfjäll D,Latikberg D,Stalon II"
Vindeln Sunnansjönäs,Vindeln-Sunnansjönäs,Vindelns kommun,"Petisträsk A,Brännforssund,Granö D,Malkälen D"
Vinga A,Vinga A,Göteborgs kommun,"Göteborg A,Askim D"
Vingåker D,Vingåker D,Vingåkers kommun,
Virserum Rödmossa,Virserum-Rödmossa,Hultsfreds kommun,"Målilla A,Ungsberg"
Visby D,Visby D,Gotlands kommun,"Fårösund Ar A,Gotska Sandön A,Hemse,Hoburg A,Mästerby,Visby Flygplats,Östergarnsholm A,Austers D,Burs D,Hejnum,Hoburg D,Ljugarn D,Sanda,Vänge"
Visby Flygplats,Visby Flygplats,Gotlands kommun,"Fårösund Ar A,Gotska Sandön A,Hemse,Hoburg A,Mästerby,Östergarnsholm A,Austers D,Burs D,Hejnum,Hoburg D,Ljugarn D,Sanda,Visby D,Vänge"
Visingsö A,Visingsö A,Jönköpings kommun,"Ramsjöholm,Jönköpings Flygplats,Huskvarna,Högemålen D"
Vittangi,Vittangi,Kiruna kommun,"Abisko,Esrange,Karesuando A,Katterjåkk,Katterjåkk A,Lainio,Naimakka A,Rensjön A,Kiruna Flygplats,Tarfala A,Jukkasjärvi D,Lannavaara D,Parakka,Saarikoski D,Svappavaara,Övre Soppero"
Vittinge,Vittinge,Heby kommun,"Kerstinbo A,Tärnsjö D,Östervåla D"
Vomb,Vomb,Lunds kommun,"Lund,Björnstorp"
Vrena,Vrena,Nyköpings kommun,"Aspa D,Frändesta"
Väderöarna A,Väderöarna A,Tanums kommun,Grebbestad
Vällnora D,Vällnora D,Uppsala kommun,"Uppsala Aut,Uppsala Flygplats,Almunge,Björklinge D,Uppsala,Vattholma D"
Vänersborg,Vänersborg,Vänersborgs kommun,Kroppefjäll Granan A
Vänge,Vänge,Gotlands kommun,"Fårösund Ar A,Gotska Sandön A,Hemse,Hoburg A,Mästerby,Visby Flygplats,Östergarnsholm A,Austers D,Burs D,Hejnum,Hoburg D,Ljugarn D,Sanda,Visby D"
Vännäs D,Vännäs D,Vännäs kommun,
Värmlandsnäs Ekenäs D,Värmlandsnäs-Ekenäs D,Säffle kommun,"Säffle,Svaneholm D"
Värne,Värne,Eksjö kommun,"Prästkulla,Hässleby D"
Väse D,Väse D,Karlstads kommun,"Karlstad Flygplats,Gräsås D"
Västerhaninge,Västerhaninge,Haninge kommun,"Berga Mo,Dalarö D,Nämdö"
Västerlo D,Västerlo D,Sundsvalls kommun,"Brämön A,Sidsjö D,Ulvsjön D"
Västermo,Västermo,Eskilstuna kommun,"Eskilstuna A,Eskilstuna,Hyndevad,Lida D,Näshulta"
Västerås,Västerås,Västerås kommun,"Hallstaberg,Skultuna"
Västerövsjö D,Västerövsjö D,Bräcke kommun,"Hunge A,Mälgåsen D,Rissna D,Öraåtjärnarna D"
Västmarkum A,Västmarkum A,Kramfors kommun,"Kramfors,Nora Östanö D,Ullånger"
Västvalla,Västvalla,Arboga kommun,
Växjö A,Växjö A,Växjö kommun,"Berg,Söraby,Växjö D"
Växjö D,Växjö D,Växjö kommun,"Berg,Växjö A,Söraby"
Våmhus D,Våmhus D,Mora kommun,"Mora A,Ulvsjö,Gesunda D"
Vånga D,Vånga D,Norrköpings kommun,"Kolmården Strömsfors A,Norrköping SMHI,Hult D,Skärkind D,Östra Husby D"
Vårgårda D,Vårgårda D,Vårgårda kommun,
Wiad,Wiad,Botkyrka kommun,"Tullinge A,Norsborg II"
Ylinenjärvi A,Ylinenjärvi A,Övertorneå kommun,"Övertorneå,Kypäsjärvi D,Svanstein"
Ystad,Ystad,Ystads kommun,Bollerup
Ytterberg D,Ytterberg D,Härjedalens kommun,"Dravagen A,Hedeviken,Ljusnedal,Sveg A,Tännäs A,Ytterhogdal,Malmagen,Medskogen,Myskelåsen D"
Ytterhogdal,Ytterhogdal,Härjedalens kommun,"Dravagen A,Hedeviken,Ljusnedal,Sveg A,Tännäs A,Malmagen,Medskogen,Myskelåsen D,Ytterberg D"
Ytterrissjö D,Ytterrissjö D,Åsele kommun,"Fredrika A,Åsele,Åsele A"
Ytterselö D,Ytterselö D,Strängnäs kommun,"Mariefred,Strängnäs Vansö"
Zinkgruvan,Zinkgruvan,Motala kommun,"Kettstaka A,Godegård D,Motala,Tjällmo D"
Älgarås D,Älgarås D,Töreboda kommun,Fägre D
Älghult,Älghult,Uppvidinge kommun,Fagerhult D
Älvdalen A,Älvdalen A,Älvdalens kommun,"Idre Fjäll A,Särna A,Gördalen D,Häggberget D,Idre D,Mångsbodarna,Nornäs D,Storbron,Särna D,Trängslet"
Älvkarleby D,Älvkarleby D,Älvkarleby kommun,
Älvsbyn A,Älvsbyn A,Älvsbyns kommun,
Åby,Åby,Ljungby kommun,"Ljungby A,Bakarebo D,Lidhult D,Ljungby D"
Åda,Åda,Trosa kommun,Vagnhärad D
Åkroken D,Åkroken D,Sollefteå kommun,"Forse,Junsele A,Lännäs,Storfinnforsen,Multrå D,Näsåker,Resele,Sollefteå"
Åminne D,Åminne D,Värnamo kommun,"Hagshult Mo,Räfsebo D"
Åmot A,Åmot A,Ockelbo kommun,Ockelbo
Ånge Parteboda D,Ånge-Parteboda D,Ånge kommun,"Torpshammar A,Kölsillre,Rotnäset D"
Ånimskog,Ånimskog,Åmåls kommun,
Årjäng,Årjäng,Årjängs kommun,Töcksfors D
Åsarna D,Åsarna D,Bergs kommun,"Börtnan A,Klövsjöhöjden A,Dödre,Handsjön D,Ljungdalen,Rätan"
Åsele,Åsele,Åsele kommun,"Fredrika A,Åsele A,Ytterrissjö D"
Åsele A,Åsele A,Åsele kommun,"Fredrika A,Åsele,Ytterrissjö D"
Åsnorrbodarna,Åsnorrbodarna,Nordanstigs kommun,"Bergsjö,Sänningstjärn D"
Åtorp,Åtorp,Degerfors kommun,Degerfors D
Ödeshög D,Ödeshög D,Ödeshögs kommun,
Öje D,Öje D,Malung-Sälens kommun,"Malung A,Andersviksberg,Löten D"
Ölands Norra Udde,Ölands Norra Udde,Borgholms kommun,"Ölands Norra Udde A,Bjärby D,Löttorp D,Skedemosse D"
Ölands Norra Udde A,Ölands Norra Udde A,Borgholms kommun,"Ölands Norra Udde,Bjärby D,Löttorp D,Skedemosse D"
Ölands Södra Udde A,Ölands Södra Udde A,Mörbylånga kommun,"Kastlösa,Norra Möckleby D,Segerstad"
Ön,Ön,Örebro kommun,"Kilsbergen Suttarboda A,Örebro A,Asker D,Örebro D"
Öraåtjärnarna D,Öraåtjärnarna D,Bräcke kommun,"Hunge A,Mälgåsen D,Rissna D,Västerövsjö D"
Örebro A,Örebro A,Örebro kommun,"Kilsbergen Suttarboda A,Asker D,Ön,Örebro D"
Örebro D,Örebro D,Örebro kommun,"Kilsbergen Suttarboda A,Örebro A,Asker D,Ön"
Örkelljunga,Örkelljunga,Örkelljunga kommun,
Örnsköldsvik,Örnsköldsvik,Örnsköldsviks kommun,"Hemling A,Skagsudde A,Örnsköldsviks Flygplats,Aspeå,Bredbyn D,Hattsjöbäcken D,Myckelgensjö,Södersel D"
Örnsköldsviks Flygplats,Örnsköldsviks Flygplats,Örnsköldsviks kommun,"Hemling A,Skagsudde A,Aspeå,Bredbyn D,Hattsjöbäcken D,Myckelgensjö,Södersel D,Örnsköldsvik"
Örskär A,Örskär A,Östhammars kommun,"Films Kyrkby A,Risinge,Söderby Karlsäng D"
Östanvik D,Östanvik D,Rättviks kommun,Finnbacka D
Österfärnebo,Österfärnebo,Sandvikens kommun,"Hammarby Gästrike D,Kungsberget D"
Östergarnsholm A,Östergarnsholm A,Gotlands kommun,"Fårösund Ar A,Gotska Sandön A,Hemse,Hoburg A,Mästerby,Visby Flygplats,Austers D,Burs D,Hejnum,Hoburg D,Ljugarn D,Sanda,Visby D,Vänge"
Östervåla D,Östervåla D,Heby kommun,"Kerstinbo A,Tärnsjö D,Vittinge"
Östmark Åsarna,Östmark-Åsarna,Torsby kommun,"Höljes,Kindsjön D,Letafors D,Stöllet D,Tåsan"
Östra Husby D,Östra Husby D,Norrköpings kommun,"Kolmården Strömsfors A,Norrköping SMHI,Hult D,Skärkind D,Vånga D"
Östra Ämtervik,Östra Ämtervik,Sunne kommun,"Sunne A,Uddheden D"
Överkalix Svartbyn A,Överkalix-Svartbyn A,Överkalix kommun,"Rödupp,Talljärv D"
Övertorneå,Övertorneå,Övertorneå kommun,"Ylinenjärvi A,Kypäsjärvi D,Svanstein"
Övre Soppero,Övre Soppero,Kiruna kommun,"Abisko,Esrange,Karesuando A,Katterjåkk,Katterjåkk A,Lainio,Naimakka A,Rensjön A,Vittangi,Kiruna Flygplats,Tarfala A,Jukkasjärvi D,Lannavaara D,Parakka,Saarikoski D,Svappavaara"
