id,_id,label,label_short,parent,disambiguation-affix,region_level,iso_code,wikidata,start,end,_neighbours
Agdenes,Agdenes,Agdenes kommune,Agdenes,Trøndelag,,municipality,,392093,0,9,"Hitra,Ørland,Rissa (until 2017-12-31),Orkdal,Snillfjord,Indre Fosen (until 2019-12-31)"
Alstahaug,Alstahaug,Alstahaug kommune,Alstahaug,Nordland,,municipality,,217808,0,9,"Dønna,Herøy (Nordland),Leirfjord,Vefsn,Vevelstad,Vega"
Alta,Alta,Alta kommune,Alta,Finnmark,,municipality,,6535,0,9,"Hasvik,Hammerfest,Loppa,Kvalsund,Porsanger,Kautokeino,Karasjok,Kvænangen"
Alvdal,Alvdal,Alvdal kommune,Alvdal,Hedmark,,municipality,,48723,0,9,"Tynset,Rendalen,Stor-Elvdal,Folldal"
Andebu (until 2016-12-31),Andebu,Andebu kommune,Andebu,Vestfold,,municipality,,486687,0,2016-12-31,"Lardal (until 2017-12-31),Re,Stokke (until 2016-12-31),Sandefjord,Larvik"
Andøy,Andøy,Andøy kommune,Andøy,Nordland,,municipality,,113710,0,9,"Sortland,Øksnes,Torsken,Tranøy,Harstad"
Aremark,Aremark,Aremark kommune,Aremark,Østfold,,municipality,,48393,0,9,"Marker,Rakkestad,Halden"
Arendal,Arendal,Arendal kommune,Arendal,Aust-Agder,,municipality,,57919,0,9,"Grimstad,Froland,Tvedestrand"
Asker,Asker,Asker kommune,Asker,Akershus,,municipality,,56869,0,9,"Bærum,Røyken,Lier,Nesodden"
Askim,Askim,Askim kommune,Askim,Østfold,,municipality,,109469,0,9,"Spydeberg,Trøgstad,Eidsberg,Skiptvet"
Askvoll,Askvoll,Askvoll kommune,Askvoll,Sogn og Fjordane,,municipality,,504817,0,9,"Førde,Gaular,Flora,Naustdal,Fjaler,Solund,Flora"
Askøy,Askøy,Askøy kommune,Askøy,Hordaland,,municipality,,215374,0,9,"Radøy,Meland,Bergen,Fjell,Øygarden"
Audnedal,Audnedal,Audnedal kommune,Audnedal,Vest-Agder,,municipality,,499842,0,9,"Åseral,Marnardal,Lindesnes,Lyngdal,Hægebostad,Evje og Hornnes"
Aukra,Aukra,Aukra kommune,Aukra,Møre og Romsdal,,municipality,,489342,0,9,"Fræna,Molde,Midsund,Sandøy"
Aure,Aure,Aure kommune,Aure,Møre og Romsdal,,municipality,,499429,0,9,"Hemne,Kristiansund (Møre og Romsdal),Halsa,Tingvoll,Smøla,Hitra"
Aurland,Aurland,Aurland kommune,Aurland,Sogn og Fjordane,,municipality,,486700,0,9,"Vik,Lærdal,Hol,Ulvik,Voss"
Aurskog-Høland,Aurskog-Høland,Aurskog-Høland kommune,Aurskog-Høland,Akershus,,municipality,,56915,0,9,"Nes,Eidskog,Rømskog,Marker,Eidsberg,Trøgstad,Fet,Sørum"
Austevoll,Austevoll,Austevoll kommune,Austevoll,Hordaland,,municipality,,484008,0,9,"Sund,Bergen,Os (Hordaland),Tysnes,Fitjar,Bømlo"
Austrheim,Austrheim,Austrheim kommune,Austrheim,Hordaland,,municipality,,484080,0,9,"Gulen,Lindås,Radøy,Fedje"
Averøy,Averøy,Averøy kommune,Averøy,Møre og Romsdal,,municipality,,484111,0,9,"Kristiansund (Møre og Romsdal),Gjemnes,Eide"
Balestrand,Balestrand,Balestrand kommune,Balestrand,Sogn og Fjordane,,municipality,,493292,0,9,"Førde,Sogndal,Leikanger,Vik,Høyanger,Gaular"
Ballangen,Ballangen,Ballangen kommune,Ballangen,Nordland,,municipality,,113514,0,9,"Narvik,Tysfjord,Tjeldsund,Evenes"
Balsfjord,Balsfjord,Balsfjord kommune,Balsfjord,Troms,,municipality,,486717,0,9,"Tromsø,Storfjord,Målselv,Lenvik"
Bamble,Bamble,Bamble kommune,Bamble,Telemark,,municipality,,484052,0,9,"Kragerø,Drangedal,Skien,Porsgrunn"
Bardu,Bardu,Bardu kommune,Bardu,Troms,,municipality,,493315,0,9,"Sørreisa,Målselv,Salangen,Lavangen,Narvik"
Beiarn,Beiarn,Beiarn kommune,Beiarn,Nordland,,municipality,,487524,0,9,"Bodø,Saltdal,Rana,Meløy,Gildeskål"
Berg,Berg,Berg kommune,Berg,Troms,,municipality,,503912,0,9,"Lenvik,Tranøy,Torsken"
Bergen,Bergen,Bergen kommune,Bergen,Hordaland,,municipality,,26793,0,9,"Vaksdal,Lindås,Askøy,Austevoll,Samnanger,Meland,Os (Hordaland),Sund"
Berlevåg,Berlevåg,Berlevåg kommune,Berlevåg,Finnmark,,municipality,,109489,0,9,"Tana,Båtsfjord,Vadsø"
Bindal,Bindal,Bindal kommune,Bindal,Nordland,,municipality,,489362,0,9,"Sømna,Brønnøy,Grane,Namsskogan,Høylandet,Nærøy,Leka"
Birkenes,Birkenes,Birkenes kommune,Birkenes,Aust-Agder,,municipality,,88802,0,9,"Kristiansand (Vest-Agder),Vennesla,Iveland,Evje og Hornnes,Froland,Grimstad,Lillesand"
Bjerkreim,Bjerkreim,Bjerkreim kommune,Bjerkreim,Rogaland,,municipality,,493308,0,9,"Gjesdal,Sirdal,Eigersund,Hå,Time"
Bjugn,Bjugn,Bjugn kommune,Bjugn,Trøndelag,,municipality,,484243,0,9,"Åfjord,Rissa (until 2017-12-31),Ørland,Frøya,Indre Fosen (until 2019-12-31)"
Bodø,Bodø,Bodø kommune,Bodø,Nordland,,municipality,,39383,0,9,"Sørfold,Fauske,Saltdal,Beiarn,Gildeskål"
Bokn,Bokn,Bokn kommune,Bokn,Rogaland,,municipality,,489351,0,9,"Karmøy,Tysvær,Finnøy,Rennesøy,Kvitsøy"
Bremanger,Bremanger,Bremanger kommune,Bremanger,Sogn og Fjordane,,municipality,,499455,0,9,"Gloppen,Flora,Vågsøy,Eid"
Brønnøy,Brønnøy,Brønnøy kommune,Brønnøy,Nordland,,municipality,,112855,0,9,"Vega,Vevelstad,Vefsn,Grane,Bindal,Sømna"
Bygland,Bygland,Bygland kommune,Bygland,Aust-Agder,,municipality,,88804,0,9,"Valle,Fyresdal,Åmli,Froland,Evje og Hornnes,Åseral,Kvinesdal,Sirdal"
Bykle,Bykle,Bykle kommune,Bykle,Aust-Agder,,municipality,,88806,0,9,"Vinje,Tokke,Valle,Sirdal,Forsand,Hjelmeland,Suldal"
Bærum,Bærum,Bærum kommune,Bærum,Akershus,,municipality,,57076,0,9,"Asker,Lier,Hole,Ringerike,Oslo,Nesodden"
Bø (Telemark),Bø (Telemark),Bø kommune ,Bø,Telemark,,municipality,,499450,0,9,"Notodden,Sauherad,Nome,Kviteseid,Seljord"
Bø (Nordland),Bø (Nordland),Bø kommune ,Bø,Nordland,,municipality,,484012,0,9,"Sortland,Øksnes"
Bømlo,Bømlo,Bømlo kommune,Bømlo,Hordaland,,municipality,,113552,0,9,"Austevoll,Fitjar,Stord,Sveio,Haugesund"
Båtsfjord,Båtsfjord,Båtsfjord kommune,Båtsfjord,Finnmark,,municipality,,48813,0,9,"Vardø,Vadsø,Berlevåg,Tana"
Dovre,Dovre,Dovre kommune,Dovre,Oppland,,municipality,,486677,0,9,"Oppdal,Folldal,Sel,Vågå,Lesja"
Drammen,Drammen,Drammen kommune,Drammen,Buskerud,,municipality,,26525,0,9,"Lier,Svelvik,Sande (Vestfold),Hof (until 2017-12-31),Nedre Eiker,Holmestrand"
Drangedal,Drangedal,Drangedal kommune,Drangedal,Telemark,,municipality,,2367,0,9,"Gjerstad,Nissedal,Kviteseid,Nome,Skien,Bamble,Kragerø"
Dyrøy,Dyrøy,Dyrøy kommune,Dyrøy,Troms,,municipality,,252381,0,9,"Sørreisa,Salangen,Tranøy,Ibestad"
Dønna,Dønna,Dønna kommune,Dønna,Nordland,,municipality,,489347,0,9,"Træna,Nesna,Leirfjord,Alstahaug,Herøy (Nordland),Lurøy"
Eid,Eid,Eid kommune,Eid,Sogn og Fjordane,,municipality,,500198,0,9,"Vanylven,Volda,Hornindal,Stryn,Gloppen,Bremanger,Vågsøy"
Eide,Eide,Eide kommune,Eide,Møre og Romsdal,,municipality,,493296,0,9,"Gjemnes,Fræna,Averøy"
Eidfjord,Eidfjord,Eidfjord kommune,Eidfjord,Hordaland,,municipality,,483977,0,9,"Ulvik,Hol,Nore og Uvdal,Ullensvang"
Eidsberg,Eidsberg,Eidsberg kommune,Eidsberg,Østfold,,municipality,,113740,0,9,"Askim,Trøgstad,Marker,Rakkestad,Skiptvet,Aurskog-Høland"
Eidskog,Eidskog,Eidskog kommune,Eidskog,Hedmark,,municipality,,48913,0,9,"Kongsvinger,Sør-Odal,Aurskog-Høland,Nes"
Eidsvoll,Eidsvoll,Eidsvoll kommune,Eidsvoll,Akershus,,municipality,,57080,0,9,"Østre Toten,Stange,Nord-Odal,Nes,Ullensaker,Nannestad,Hurdal"
Eigersund,Eigersund,Eigersund kommune,Eigersund,Rogaland,,municipality,,483877,0,9,"Hå,Bjerkreim,Sirdal,Lund,Sokndal"
Elverum,Elverum,Elverum kommune,Elverum,Hedmark,,municipality,,109140,0,9,"Åmot,Trysil,Våler (Hedmark),Løten"
Enebakk,Enebakk,Enebakk kommune,Enebakk,Akershus,,municipality,,57081,0,9,"Rælingen,Lørenskog,Oslo,Ski,Hobøl,Spydeberg,Trøgstad,Fet"
Engerdal,Engerdal,Engerdal kommune,Engerdal,Hedmark,,municipality,,48909,0,9,"Trysil,Rendalen,Tolga,Os (Hedmark),Røros"
Etne,Etne,Etne kommune,Etne,Hordaland,,municipality,,48782,0,9,"Kvinnherad,Odda,Sauda,Suldal,Vindafjord"
Etnedal,Etnedal,Etnedal kommune,Etnedal,Oppland,,municipality,,488049,0,9,"Nordre Land,Sør-Aurdal,Nord-Aurdal"
Evenes,Evenes,Evenes kommune,Evenes,Nordland,,municipality,,48897,0,9,"Skånland,Tjeldsund,Narvik,Ballangen"
Evje og Hornnes,Evje og Hornnes,Evje og Hornnes kommune,Evje og Hornnes,Aust-Agder,,municipality,,88808,0,9,"Bygland,Froland,Birkenes,Iveland,Vennesla,Marnardal,Audnedal,Åseral"
Farsund,Farsund,Farsund kommune,Farsund,Vest-Agder,,municipality,,490462,0,9,"Kvinesdal,Lyngdal"
Fauske,Fauske,Fauske kommune,Fauske,Nordland,,municipality,,48696,0,9,"Bodø,Saltdal,Sørfold"
Fedje,Fedje,Fedje kommune,Fedje,Hordaland,,municipality,,484213,0,9,"Gulen,Austrheim,Radøy,Øygarden"
Fet,Fet,Fet kommune,Fet,Akershus,,municipality,,57082,0,9,"Skedsmo,Sørum,Aurskog-Høland,Trøgstad,Enebakk,Rælingen"
Finnøy,Finnøy,Finnøy kommune,Finnøy,Rogaland,,municipality,,48750,0,9,"Hjelmeland,Tysvær,Suldal,Strand,Rennesøy,Bokn"
Fitjar,Fitjar,Fitjar kommune,Fitjar,Hordaland,,municipality,,113491,0,9,"Stord,Tysnes,Austevoll,Bømlo"
Fjaler,Fjaler,Fjaler kommune,Fjaler,Sogn og Fjordane,,municipality,,499397,0,9,"Gaular,Høyanger,Hyllestad,Solund,Askvoll"
Fjell,Fjell,Fjell kommune,Fjell,Hordaland,,municipality,,473529,0,9,"Sund,Øygarden,Askøy"
Flakstad,Flakstad,Flakstad kommune,Flakstad,Nordland,,municipality,,494680,0,9,"Vestvågøy,Moskenes"
Flatanger,Flatanger,Flatanger kommune,Flatanger,Trøndelag,,municipality,,48276,0,9,"Namdalseid,Osen,Namsos,Vikna"
Flekkefjord,Flekkefjord,Flekkefjord kommune,Flekkefjord,Vest-Agder,,municipality,,493481,0,9,"Sokndal,Lund,Sirdal,Kvinesdal"
Flesberg,Flesberg,Flesberg kommune,Flesberg,Buskerud,,municipality,,93633,0,9,"Kongsberg,Øvre Eiker,Rollag,Sigdal,Notodden,Tinn"
Flora,Flora,Flora kommune,Flora,Sogn og Fjordane,,municipality,,493811,0,9,"Bremanger,Gloppen,Naustdal,Askvoll"
Flå,Flå,Flå kommune,Flå,Buskerud,,municipality,,93703,0,9,"Sør-Aurdal,Ringerike,Krødsherad,Sigdal,Nore og Uvdal,Nes"
Folldal,Folldal,Folldal kommune,Folldal,Hedmark,,municipality,,484064,0,9,"Oppdal,Tynset,Alvdal,Stor-Elvdal,Sør-Fron,Sel,Dovre"
Forsand,Forsand,Forsand kommune,Forsand,Rogaland,,municipality,,484309,0,9,"Hjelmeland,Strand,Sandnes,Gjesdal,Bykle,Sirdal"
Fosnes,Fosnes,Fosnes kommune,Fosnes,Trøndelag,,municipality,,494688,0,9,"Nærøy,Høylandet,Overhalla,Namsos,Vikna"
Fredrikstad,Fredrikstad,Fredrikstad kommune,Fredrikstad,Østfold,,municipality,,107135,0,9,"Råde,Sarpsborg,Hvaler"
Frogn,Frogn,Frogn kommune,Frogn,Akershus,,municipality,,57083,0,9,"Nesodden,Ås,Vestby"
Froland,Froland,Froland kommune,Froland,Aust-Agder,,municipality,,88810,0,9,"Åmli,Tvedestrand,Arendal,Grimstad,Birkenes,Evje og Hornnes,Bygland"
Frosta,Frosta,Frosta kommune,Frosta,Trøndelag,,municipality,,489374,0,9,"Levanger,Stjørdal,Leksvik (until 2017-12-31),Indre Fosen (until 2019-12-31)"
Fræna,Fræna,Fræna kommune,Fræna,Møre og Romsdal,,municipality,,484128,0,9,"Eide,Gjemnes,Molde,Aukra"
Frøya,Frøya,Frøya kommune,Frøya,Trøndelag,,municipality,,484119,0,9,"Hitra,Bjugn"
Fusa,Fusa,Fusa kommune,Fusa,Hordaland,,municipality,,493279,0,9,"Samnanger,Kvam,Kvinnherad,Tysnes,Os (Hordaland)"
Fyresdal,Fyresdal,Fyresdal kommune,Fyresdal,Telemark,,municipality,,1881,0,9,"Tokke,Kviteseid,Nissedal,Åmli,Bygland,Valle"
Førde,Førde,Førde kommune,Førde,Sogn og Fjordane,,municipality,,113571,0,9,"Naustdal,Jølster,Sogndal,Balestrand,Gaular,Askvoll"
Gamvik,Gamvik,Gamvik kommune,Gamvik,Finnmark,,municipality,,113729,0,9,"Lebesby,Tana"
Gaular,Gaular,Gaular kommune,Gaular,Sogn og Fjordane,,municipality,,493273,0,9,"Askvoll,Førde,Balestrand,Høyanger,Fjaler"
Gausdal,Gausdal,Gausdal kommune,Gausdal,Oppland,,municipality,,486713,0,9,"Sør-Fron,Ringebu,Øyer,Lillehammer,Nordre Land,Nord-Aurdal,Øystre Slidre"
Gildeskål,Gildeskål,Gildeskål kommune,Gildeskål,Nordland,,municipality,,484208,0,9,"Bodø,Beiarn,Meløy"
Giske,Giske,Giske kommune,Giske,Møre og Romsdal,,municipality,,494670,0,9,"Ålesund,Haram,Sula,Hareid,Ulstein,Sula"
Gjemnes,Gjemnes,Gjemnes kommune,Gjemnes,Møre og Romsdal,,municipality,,493283,0,9,"Eide,Fræna,Molde,Nesset,Averøy,Kristiansund (Møre og Romsdal),Tingvoll"
Gjerdrum,Gjerdrum,Gjerdrum kommune,Gjerdrum,Akershus,,municipality,,57084,0,9,"Nannestad,Ullensaker,Sørum,Skedsmo,Nittedal"
Gjerstad,Gjerstad,Gjerstad kommune,Gjerstad,Aust-Agder,,municipality,,88813,0,9,"Nissedal,Drangedal,Kragerø,Risør,Vegårshei"
Gjesdal,Gjesdal,Gjesdal kommune,Gjesdal,Rogaland,,municipality,,255148,0,9,"Sandnes,Forsand,Sirdal,Bjerkreim,Time"
Gjøvik,Gjøvik,Gjøvik kommune,Gjøvik,Oppland,,municipality,,108031,0,9,"Lillehammer,Østre Toten,Vestre Toten,Søndre Land,Nordre Land,Ringsaker"
Gloppen,Gloppen,Gloppen kommune,Gloppen,Sogn og Fjordane,,municipality,,383492,0,9,"Eid,Stryn,Jølster,Naustdal,Flora,Bremanger"
Gol,Gol,Gol kommune,Gol,Buskerud,,municipality,,493301,0,9,"Nes,Ål,Hemsedal,Nord-Aurdal,Sør-Aurdal"
Gran,Gran,Gran kommune,Gran,Oppland,,municipality,,501518,0,9,"Søndre Land,Vestre Toten,Hurdal,Nannestad,Lunner,Jevnaker,Ringerike"
Grane,Grane,Grane kommune,Grane,Nordland,,municipality,,493758,0,9,"Vefsn,Hattfjelldal,Bindal,Brønnøy,Røyrvik,Namsskogan"
Granvin,Granvin,Granvin herad,Granvin,Hordaland,,municipality,,484186,0,9,"Ulvik,Ullensvang,Kvam,Voss"
Gratangen,Gratangen,Gratangen kommune,Gratangen,Troms,,municipality,,175704,0,9,"Lavangen,Narvik,Skånland,Ibestad"
Grimstad,Grimstad,Grimstad kommune,Grimstad,Aust-Agder,,municipality,,90590,0,9,"Arendal,Froland,Birkenes,Lillesand"
Grong,Grong,Grong kommune,Grong,Trøndelag,,municipality,,258084,0,9,"Høylandet,Namsskogan,Lierne,Snåsa,Overhalla,Steinkjer"
Grue,Grue,Grue kommune,Grue,Hedmark,,municipality,,488783,0,9,"Åsnes,Nord-Odal,Sør-Odal,Kongsvinger"
Gulen,Gulen,Gulen kommune,Gulen,Sogn og Fjordane,,municipality,,217793,0,9,"Solund,Hyllestad,Høyanger,Masfjorden,Lindås,Austrheim,Fedje"
Hadsel,Hadsel,Hadsel kommune,Hadsel,Nordland,,municipality,,484043,0,9,"Sortland,Lødingen,Vågan"
Halden,Halden,Halden kommune,Halden,Østfold,,municipality,,109042,0,9,"Rakkestad,Aremark,Sarpsborg"
Halsa,Halsa,Halsa kommune,Halsa,Møre og Romsdal,,municipality,,488247,0,9,"Hemne,Surnadal,Tingvoll,Aure"
Hamar,Hamar,Hamar kommune,Hamar,Hedmark,,municipality,,104400,0,9,"Ringsaker,Åmot,Løten,Stange"
Hamarøy,Hamarøy,Hamarøy kommune,Hamarøy,Nordland,,municipality,,487538,0,9,"Tysfjord,Sørfold,Steigen"
Hammerfest,Hammerfest,Hammerfest kommune,Hammerfest,Finnmark,,municipality,,107351,0,9,"Kvalsund,Alta,Hasvik"
Haram,Haram,Haram kommune,Haram,Møre og Romsdal,,municipality,,499575,0,9,"Vestnes,Skodje,Ålesund,Giske,Sandøy,Midsund"
Hareid,Hareid,Hareid kommune,Hareid,Møre og Romsdal,,municipality,,494029,0,9,"Ulstein,Giske,Sula,Ørsta"
Harstad,Harstad,Harstad kommune,Harstad,Troms,,municipality,,62140,2013-01-01,9,"Tranøy,Kvæfjord,Tjeldsund,Skånland,Ibestad,Andøy"
Hasvik,Hasvik,Hasvik kommune,Hasvik,Finnmark,,municipality,,109841,0,9,"Hammerfest,Alta,Loppa"
Hattfjelldal,Hattfjelldal,Hattfjelldal kommune,Hattfjelldal,Nordland,,municipality,,488384,0,9,"Hemnes,Grane,Vefsn,Røyrvik"
Haugesund,Haugesund,Haugesund kommune,Haugesund,Rogaland,,municipality,,109036,0,9,"Sveio,Bømlo,Tysvær,Karmøy"
Hemne,Hemne,Hemne kommune,Hemne,Trøndelag,,municipality,,488388,0,9,"Snillfjord,Orkdal,Rindal,Surnadal,Aure,Halsa,Hitra"
Hemnes,Hemnes,Hemnes kommune,Hemnes,Nordland,,municipality,,488776,0,9,"Rana,Hattfjelldal,Vefsn,Leirfjord"
Hemsedal,Hemsedal,Hemsedal kommune,Hemsedal,Buskerud,,municipality,,497248,0,9,"Gol,Ål,Vang,Vestre Slidre,Nord-Aurdal,Lærdal"
Herøy (Møre og Romsdal),Herøy (Møre og Romsdal),Herøy kommune,Herøy,Møre og Romsdal,{0} i Møre og Romsdal,municipality,,493762,0,9,"Sande (Møre og Romsdal),Vanylven,Volda,Ulstein"
Herøy (Nordland),Herøy (Nordland),Herøy kommune,Herøy,Nordland,{0} i Nordland,municipality,,493932,0,9,"Alstahaug,Dønna"
Hitra,Hitra,Hitra kommune,Hitra,Trøndelag,,municipality,,109025,0,9,"Frøya,Ørland,Agdenes,Snillfjord,Hemne,Aure,Smøla"
Hjartdal,Hjartdal,Hjartdal kommune,Hjartdal,Telemark,,municipality,,2354,0,9,"Seljord,Tinn,Notodden"
Hjelmeland,Hjelmeland,Hjelmeland kommune,Hjelmeland,Rogaland,,municipality,,250055,0,9,"Suldal,Bykle,Forsand,Strand,Finnøy"
Hobøl,Hobøl,Hobøl kommune,Hobøl,Østfold,,municipality,,109475,0,9,"Spydeberg,Våler (Østfold),Enebakk,Ski,Ås,Vestby"
Hof (until 2017-12-31),Hof,Hof kommune,Hof,Vestfold,,municipality,,499786,0,2017-12-31,"Drammen,Nedre Eiker,Øvre Eiker,Sande (Vestfold),Re,Lardal (until 2017-12-31),Kongsberg,Holmestrand"
Hol,Hol,Hol kommune,Hol,Buskerud,,municipality,,484057,0,9,"Nore og Uvdal,Ål,Eidfjord,Aurland,Ulvik,Lærdal"
Hole,Hole,Hole kommune,Hole,Buskerud,,municipality,,488622,0,9,"Ringerike,Bærum,Lier,Modum"
Holmestrand (until 2017-12-31),Holmestrand,Holmestrand kommune,Holmestrand,Vestfold,,municipality,,483871,0,2017-12-31,"Sande (Vestfold),Hof (until 2017-12-31),Re"
Holtålen,Holtålen,Holtålen kommune,Holtålen,Trøndelag,,municipality,,484084,0,9,"Selbu,Tydal,Røros,Os (Hedmark),Midtre Gauldal"
Hornindal,Hornindal,Hornindal kommune,Hornindal,Sogn og Fjordane,,municipality,,494049,0,9,"Volda,Ørsta,Stranda,Stryn,Eid"
Horten,Horten,Horten kommune,Horten,Vestfold,,municipality,,109048,0,9,"Re,Tønsberg"
Hurdal,Hurdal,Hurdal kommune,Hurdal,Akershus,,municipality,,57858,0,9,"Vestre Toten,Østre Toten,Eidsvoll,Nannestad,Gran"
Hurum,Hurum,Hurum kommune,Hurum,Buskerud,,municipality,,488611,0,9,Røyken
Hvaler,Hvaler,Hvaler kommune,Hvaler,Østfold,,municipality,,488435,0,9,"Fredrikstad,Sarpsborg"
Hyllestad,Hyllestad,Hyllestad kommune,Hyllestad,Sogn og Fjordane,,municipality,,494037,0,9,"Fjaler,Høyanger,Gulen,Solund"
Hægebostad,Hægebostad,Hægebostad kommune,Hægebostad,Vest-Agder,,municipality,,488962,0,9,"Kvinesdal,Åseral,Audnedal,Lyngdal"
Høyanger,Høyanger,Høyanger kommune,Høyanger,Sogn og Fjordane,,municipality,,113720,0,9,"Fjaler,Gaular,Balestrand,Vik,Modalen,Masfjorden,Gulen,Hyllestad"
Høylandet,Høylandet,Høylandet kommune,Høylandet,Trøndelag,,municipality,,162144,0,9,"Bindal,Namsskogan,Grong,Overhalla,Fosnes,Nærøy"
Hå,Hå,Hå kommune,Hå,Rogaland,,municipality,,485608,0,9,"Klepp,Time,Bjerkreim,Eigersund"
Ibestad,Ibestad,Ibestad kommune,Ibestad,Troms,,municipality,,488258,0,9,"Tranøy,Dyrøy,Salangen,Lavangen,Gratangen,Skånland,Harstad"
Inderøy,Inderøy,Inderøy kommune,Inderøy,Trøndelag,,municipality,,488970,2012-01-01,9,"Steinkjer,Verdal,Indre Fosen (until 2019-12-31),Verran,Levanger,Leksvik (until 2017-12-31)"
Iveland,Iveland,Iveland kommune,Iveland,Aust-Agder,,municipality,,90592,0,9,"Evje og Hornnes,Birkenes,Vennesla"
Jevnaker,Jevnaker,Jevnaker kommune,Jevnaker,Oppland,,municipality,,486704,0,9,"Gran,Lunner,Ringerike"
Jondal,Jondal,Jondal kommune,Jondal,Hordaland,,municipality,,113638,0,9,"Ullensvang,Kvinnherad,Kvam"
Jølster,Jølster,Jølster kommune,Jølster,Sogn og Fjordane,,municipality,,484101,0,9,"Gloppen,Stryn,Luster,Sogndal,Førde,Naustdal"
Karasjok,Karasjok,Karasjok kommune,Karasjok,Finnmark,,municipality,,1825,0,9,"Kautokeino,Alta,Porsanger,Tana"
Karlsøy,Karlsøy,Karlsøy kommune,Karlsøy,Troms,,municipality,,48728,0,9,"Tromsø,Lyngen,Skjervøy"
Karmøy,Karmøy,Karmøy kommune,Karmøy,Rogaland,,municipality,,483902,0,9,"Haugesund,Tysvær,Bokn,Kvitsøy,Utsira"
Kautokeino,Kautokeino,Kautokeino kommune,Kautokeino,Finnmark,,municipality,,6459,0,9,"Alta,Karasjok,Nordreisa,Kvænangen"
Klepp,Klepp,Klepp kommune,Klepp,Rogaland,,municipality,,500223,0,9,"Sola,Sandnes,Time,Hå"
Klæbu,Klæbu,Klæbu kommune,Klæbu,Trøndelag,,municipality,,484106,0,9,"Trondheim,Selbu,Melhus,Malvik"
Kongsberg,Kongsberg,Kongsberg kommune,Kongsberg,Buskerud,,municipality,,108988,0,9,"Flesberg,Øvre Eiker,Hof (until 2017-12-31),Skien,Siljan,Lardal (until 2017-12-31),Notodden,Sauherad,Holmestrand,Larvik"
Kongsvinger,Kongsvinger,Kongsvinger kommune,Kongsvinger,Hedmark,,municipality,,109499,0,9,"Eidskog,Sør-Odal,Grue"
Kragerø,Kragerø,Kragerø kommune,Kragerø,Telemark,,municipality,,2372,0,9,"Risør,Gjerstad,Drangedal,Bamble"
Kristiansand (Vest-Agder),Kristiansand (Vest-Agder),Kristiansand kommune,Kristiansand,Vest-Agder,{0} i Vest-Agder,municipality,,2415,0,9,"Søgne,Songdalen,Vennesla,Birkenes,Lillesand"
Kristiansund (Møre og Romsdal),Kristiansund (Møre og Romsdal),Kristiansund kommune,Kristiansund,Møre og Romsdal,{0} i Møre og Romsdal,municipality,,109483,2008-01-01,9,"Smøla,Aure,Tingvoll,Gjemnes,Averøy"
Krødsherad,Krødsherad,Krødsherad kommune,Krødsherad,Buskerud,,municipality,,48886,0,9,"Ringerike,Flå,Sigdal,Modum"
Kvalsund,Kvalsund,Kvalsund kommune,Kvalsund,Finnmark,,municipality,,493007,0,9,"Hammerfest,Alta,Måsøy,Porsanger"
Kvam,Kvam,Kvam herad,Kvam,Hordaland,,municipality,,487529,0,9,"Vaksdal,Voss,Granvin,Kvinnherad,Fusa,Samnanger,Ullensvang,Jondal"
Kvinesdal,Kvinesdal,Kvinesdal kommune,Kvinesdal,Vest-Agder,,municipality,,488747,0,9,"Bygland,Flekkefjord,Sirdal,Åseral,Hægebostad,Lyngdal,Farsund"
Kvinnherad,Kvinnherad,Kvinnherad kommune,Kvinnherad,Hordaland,,municipality,,484070,0,9,"Kvam,Fusa,Jondal,Ullensvang,Odda,Etne,Vindafjord,Stord,Tysnes"
Kviteseid,Kviteseid,Kviteseid kommune,Kviteseid,Telemark,,municipality,,2232,0,9,"Seljord,Nome,Drangedal,Nissedal,Fyresdal,Tokke,Bø"
Kvitsøy,Kvitsøy,Kvitsøy kommune,Kvitsøy,Rogaland,,municipality,,494024,0,9,"Karmøy,Bokn,Rennesøy,Randaberg"
Kvæfjord,Kvæfjord,Kvæfjord kommune,Kvæfjord,Troms,,municipality,,649541,0,9,"Harstad,Tjeldsund,Lødingen,Sortland"
Kvænangen,Kvænangen,Kvænangen kommune,Kvænangen,Troms,,municipality,,488959,0,9,"Loppa,Alta,Kautokeino,Nordreisa,Skjervøy"
Kåfjord,Kåfjord,Kåfjord kommune,Kåfjord,Troms,,municipality,,493942,0,9,"Nordreisa,Storfjord,Lyngen"
Lardal (until 2017-12-31),Lardal,Lardal kommune,Lardal,Vestfold,,municipality,,500290,0,2017-12-31,"Kongsberg,Hof (until 2017-12-31),Re,Andebu,Larvik,Siljan,Sandefjord"
Larvik (until 2017-12-31),Larvik,Larvik kommune,Larvik,Vestfold,,municipality,,156125,0,2017-12-31,"Lardal (until 2017-12-31),Andebu,Sandefjord,Porsgrunn,Siljan"
Lavangen,Lavangen,Lavangen kommune,Lavangen,Troms,,municipality,,502217,0,9,"Salangen,Bardu,Narvik,Gratangen,Ibestad"
Lebesby,Lebesby,Lebesby kommune,Lebesby,Finnmark,,municipality,,48760,0,9,"Nordkapp,Gamvik,Tana,Porsanger"
Leikanger,Leikanger,Leikanger kommune,Leikanger,Sogn og Fjordane,,municipality,,107396,0,9,"Balestrand,Sogndal,Vik"
Leirfjord,Leirfjord,Leirfjord kommune,Leirfjord,Nordland,,municipality,,48870,0,9,"Hemnes,Vefsn,Alstahaug,Dønna,Nesna,Rana"
Leka,Leka,Leka kommune,Leka,Trøndelag,,municipality,,503591,0,9,"Nærøy,Vikna,Bindal"
Leksvik (until 2017-12-31),Leksvik,Leksvik kommune,Leksvik,Trøndelag,,municipality,,389371,0,2017-12-31,"Verran,Inderøy,Rissa (until 2017-12-31),Frosta,Trondheim"
Lenvik,Lenvik,Lenvik kommune,Lenvik,Troms,,municipality,,499770,0,9,"Tromsø,Balsfjord,Målselv,Sørreisa,Tranøy,Berg"
Lesja,Lesja,Lesja kommune,Lesja,Oppland,,municipality,,488405,0,9,"Nesset,Sunndal,Oppdal,Dovre,Vågå,Lom,Skjåk,Rauma"
Levanger,Levanger,Levanger kommune,Levanger,Trøndelag,,municipality,,216430,0,9,"Verdal,Stjørdal,Frosta,Inderøy"
Lier,Lier,Lier kommune,Lier,Buskerud,,municipality,,488607,0,9,"Modum,Hole,Bærum,Asker,Røyken,Drammen,Nedre Eiker,Øvre Eiker"
Lierne,Lierne,Lierne kommune,Lierne,Trøndelag,,municipality,,493999,0,9,"Snåsa,Grong,Røyrvik"
Lillehammer,Lillehammer,Lillehammer kommune,Lillehammer,Oppland,,municipality,,101341,0,9,"Øyer,Ringsaker,Gjøvik,Nordre Land,Gausdal"
Lillesand,Lillesand,Lillesand kommune,Lillesand,Aust-Agder,,municipality,,90593,0,9,"Kristiansand (Vest-Agder),Birkenes,Grimstad"
Lindesnes,Lindesnes,Lindesnes kommune,Lindesnes,Vest-Agder,,municipality,,489038,0,9,"Lyngdal,Audnedal,Marnardal,Mandal"
Lindås,Lindås,Lindås kommune,Lindås,Hordaland,,municipality,,113682,0,9,"Masfjorden,Modalen,Radøy,Austrheim,Gulen,Vaksdal,Osterøy,Bergen,Meland"
Lom,Lom,Lom kommune,Lom,Oppland,,municipality,,488395,0,9,"Skjåk,Lesja,Vågå,Vang,Luster"
Loppa,Loppa,Loppa kommune,Loppa,Finnmark,,municipality,,48848,0,9,"Hasvik,Alta,Kvænangen,Skjervøy"
Lund,Lund,Lund kommune,Lund,Rogaland,,municipality,,515536,0,9,"Sirdal,Flekkefjord,Sokndal,Eigersund"
Lunner,Lunner,Lunner kommune,Lunner,Oppland,,municipality,,488398,0,9,"Gran,Nannestad,Nittedal,Oslo,Ringerike,Jevnaker"
Lurøy,Lurøy,Lurøy kommune,Lurøy,Nordland,,municipality,,48341,0,9,"Rødøy,Rana,Nesna,Dønna,Træna"
Luster,Luster,Luster kommune,Luster,Sogn og Fjordane,,municipality,,503612,0,9,"Stryn,Skjåk,Lom,Vang,Årdal,Sogndal,Jølster"
Lyngdal,Lyngdal,Lyngdal kommune,Lyngdal,Vest-Agder,,municipality,,505952,0,9,"Farsund,Kvinesdal,Hægebostad,Audnedal,Lindesnes"
Lyngen,Lyngen,Lyngen kommune,Lyngen,Troms,,municipality,,494018,0,9,"Karlsøy,Tromsø,Skjervøy,Nordreisa,Kåfjord,Storfjord"
Lærdal,Lærdal,Lærdal kommune,Lærdal,Sogn og Fjordane,,municipality,,488975,0,9,"Årdal,Vang,Hemsedal,Ål,Hol,Aurland,Vik,Sogndal"
Lødingen,Lødingen,Lødingen kommune,Lødingen,Nordland,,municipality,,484252,0,9,"Sortland,Kvæfjord,Tjeldsund,Vågan,Hadsel"
Lørenskog,Lørenskog,Lørenskog kommune,Lørenskog,Akershus,,municipality,,57860,0,9,"Skedsmo,Rælingen,Enebakk,Oslo"
Løten,Løten,Løten kommune,Løten,Hedmark,,municipality,,488951,0,9,"Hamar,Åmot,Elverum,Våler (Hedmark),Stange"
Malvik,Malvik,Malvik kommune,Malvik,Trøndelag,,municipality,,493988,0,9,"Stjørdal,Selbu,Trondheim"
Mandal,Mandal,Mandal kommune,Mandal,Vest-Agder,,municipality,,108966,0,9,"Lindesnes,Marnardal,Søgne"
Marker,Marker,Marker kommune,Marker,Østfold,,municipality,,486736,0,9,"Aremark,Rakkestad,Eidsberg,Rømskog,Aurskog-Høland"
Marnardal,Marnardal,Marnardal kommune,Marnardal,Vest-Agder,,municipality,,378704,0,9,"Lindesnes,Audnedal,Evje og Hornnes,Vennesla,Songdalen,Søgne,Mandal"
Masfjorden,Masfjorden,Masfjorden kommune,Masfjorden,Hordaland,,municipality,,48299,0,9,"Gulen,Høyanger,Modalen,Lindås"
Meland,Meland,Meland kommune,Meland,Hordaland,,municipality,,488392,0,9,"Bergen,Radøy,Lindås,Askøy"
Meldal,Meldal,Meldal kommune,Meldal,Trøndelag,,municipality,,484191,0,9,"Orkdal,Melhus,Midtre Gauldal,Rennebu,Rindal"
Melhus,Melhus,Melhus kommune,Melhus,Trøndelag,,municipality,,488762,0,9,"Trondheim,Klæbu,Selbu,Midtre Gauldal,Meldal,Orkdal,Skaun"
Meløy,Meløy,Meløy kommune,Meløy,Nordland,,municipality,,48323,0,9,"Gildeskål,Beiarn,Rana,Rødøy"
Meråker,Meråker,Meråker kommune,Meråker,Trøndelag,,municipality,,48732,0,9,"Verdal,Stjørdal,Selbu,Tydal"
Midsund,Midsund,Midsund kommune,Midsund,Møre og Romsdal,,municipality,,488380,0,9,"Aukra,Molde,Vestnes,Haram,Sandøy"
Midtre Gauldal,Midtre Gauldal,Midtre Gauldal kommune,Midtre Gauldal,Trøndelag,,municipality,,492244,0,9,"Melhus,Selbu,Holtålen,Os (Hedmark),Tynset,Rennebu,Meldal"
Modalen,Modalen,Modalen kommune,Modalen,Hordaland,,municipality,,202605,0,9,"Høyanger,Vik,Vaksdal,Lindås,Masfjorden"
Modum,Modum,Modum kommune,Modum,Buskerud,,municipality,,484001,0,9,"Krødsherad,Ringerike,Hole,Lier,Øvre Eiker,Sigdal,Nedre Eiker"
Molde,Molde,Molde kommune,Molde,Møre og Romsdal,,municipality,,104095,0,9,"Aukra,Fræna,Gjemnes,Nesset,Rauma,Vestnes,Midsund"
Moskenes,Moskenes,Moskenes kommune,Moskenes,Nordland,,municipality,,487636,0,9,"Værøy,Flakstad"
Moss,Moss,Moss kommune,Moss,Østfold,,municipality,,109021,0,9,"Vestby,Våler (Østfold),Rygge"
Målselv,Målselv,Målselv kommune,Målselv,Troms,,municipality,,488955,0,9,"Lenvik,Balsfjord,Storfjord,Bardu,Sørreisa"
Måsøy,Måsøy,Måsøy kommune,Måsøy,Finnmark,,municipality,,113697,0,9,"Kvalsund,Porsanger,Nordkapp"
Namdalseid,Namdalseid,Namdalseid kommune,Namdalseid,Trøndelag,,municipality,,502193,0,9,"Namsos,Steinkjer,Verran,Åfjord,Roan,Osen,Flatanger"
Namsos,Namsos,Namsos kommune,Namsos,Trøndelag,,municipality,,111039,0,9,"Fosnes,Overhalla,Namdalseid,Flatanger"
Namsskogan,Namsskogan,Namsskogan kommune,Namsskogan,Trøndelag,,municipality,,493996,0,9,"Røyrvik,Høylandet,Grong,Bindal,Grane"
Nannestad,Nannestad,Nannestad kommune,Nannestad,Akershus,,municipality,,57862,0,9,"Gran,Hurdal,Eidsvoll,Ullensaker,Gjerdrum,Nittedal,Lunner"
Narvik,Narvik,Narvik kommune,Narvik,Nordland,,municipality,,59101,0,9,"Ballangen,Evenes,Skånland,Gratangen,Lavangen,Bardu"
Naustdal,Naustdal,Naustdal kommune,Naustdal,Sogn og Fjordane,,municipality,,503622,0,9,"Gloppen,Jølster,Flora,Førde,Askvoll"
Nedre Eiker,Nedre Eiker,Nedre Eiker kommune,Nedre Eiker,Buskerud,,municipality,,110268,0,9,"Lier,Modum,Drammen,Hof (until 2017-12-31),Øvre Eiker,Holmestrand"
Nes,Nes,Nes kommune i Akershus,Nes,Akershus,,municipality,,488026,0,9,"Eidsvoll,Nord-Odal,Sør-Odal,Eidskog,Aurskog-Høland,Sørum,Ullensaker"
Nesna,Nesna,Nesna kommune,Nesna,Nordland,,municipality,,494062,0,9,"Rana,Lurøy,Leirfjord,Dønna"
Nesodden,Nesodden,Nesodden kommune,Nesodden,Akershus,,municipality,,57864,0,9,"Frogn,Oslo,Bærum,Asker"
Nesseby,Nesseby,Nesseby kommune,Nesseby,Finnmark,,municipality,,113662,0,9,"Tana,Vadsø,Sør-Varanger,Utsjok"
Nesset,Nesset,Nesset kommune,Nesset,Møre og Romsdal,,municipality,,484046,0,9,"Gjemnes,Sunndal,Lesja,Rauma,Molde,Tingvoll"
Nissedal,Nissedal,Nissedal kommune,Nissedal,Telemark,,municipality,,2229,0,9,"Kviteseid,Drangedal,Gjerstad,Vegårshei,Åmli,Fyresdal"
Nittedal,Nittedal,Nittedal kommune,Nittedal,Akershus,,municipality,,57865,0,9,"Lunner,Nannestad,Gjerdrum,Skedsmo,Oslo"
Nome,Nome,Nome kommune,Nome,Telemark,,municipality,,2375,0,9,"Sauherad,Bø,Skien,Drangedal,Kviteseid"
Nord-Aurdal,Nord-Aurdal,Nord-Aurdal kommune,Nord-Aurdal,Oppland,,municipality,,484074,0,9,"Gausdal,Nordre Land,Etnedal,Sør-Aurdal,Gol,Hemsedal,Vestre Slidre,Øystre Slidre"
Nord-Fron,Nord-Fron,Nord-Fron kommune,Nord-Fron,Oppland,,municipality,,488401,0,9,"Sel,Sør-Fron,Øystre Slidre,Vågå"
Nord-Odal,Nord-Odal,Nord-Odal kommune,Nord-Odal,Hedmark,,municipality,,484218,0,9,"Stange,Åsnes,Grue,Sør-Odal,Nes,Eidsvoll"
Norddal,Norddal,Norddal kommune,Norddal,Møre og Romsdal,,municipality,,494011,0,9,"Stordal,Rauma,Skjåk,Stranda"
Nordkapp,Nordkapp,Nordkapp kommune,Nordkapp,Finnmark,,municipality,,62641,0,9,"Måsøy,Porsanger,Lebesby"
Nordre Land,Nordre Land,Nordre Land kommune,Nordre Land,Oppland,,municipality,,486741,0,9,"Nord-Aurdal,Gausdal,Lillehammer,Gjøvik,Søndre Land,Sør-Aurdal,Etnedal"
Nordreisa,Nordreisa,Nordreisa kommune,Nordreisa,Troms,,municipality,,494059,0,9,"Skjervøy,Kvænangen,Kautokeino,Kåfjord,Lyngen"
Nore og Uvdal,Nore og Uvdal,Nore og Uvdal kommune,Nore og Uvdal,Buskerud,,municipality,,48924,0,9,"Hol,Ål,Nes,Flå,Sigdal,Rollag,Tinn,Vinje,Eidfjord"
Notodden,Notodden,Notodden kommune,Notodden,Telemark,,municipality,,2326,0,9,"Seljord,Hjartdal,Tinn,Flesberg,Kongsberg,Sauherad,Bø"
Nærøy,Nærøy,Nærøy kommune,Nærøy,Trøndelag,,municipality,,488979,0,9,"Leka,Bindal,Høylandet,Fosnes,Vikna"
Nøtterøy (until 2017-12-31),Nøtterøy,Nøtterøy kommune,Nøtterøy,Vestfold,,municipality,,206469,0,2017-12-31,"Tønsberg,Tjøme,Stokke (until 2016-12-31),Sandefjord"
Odda,Odda,Odda kommune,Odda,Hordaland,,municipality,,109494,0,9,"Ullensvang,Vinje,Suldal,Sauda,Etne,Kvinnherad"
Oppdal,Oppdal,Oppdal kommune,Oppdal,Trøndelag,,municipality,,113595,0,9,"Surnadal,Rindal,Rennebu,Tynset,Folldal,Dovre,Lesja,Sunndal"
Oppegård,Oppegård,Oppegård kommune,Oppegård,Akershus,,municipality,,57868,0,9,"Oslo,Ski,Ås"
Orkdal,Orkdal,Orkdal kommune,Orkdal,Trøndelag,,municipality,,500284,0,9,"Snillfjord,Agdenes,Hemne,Rindal,Meldal,Melhus,Skaun"
Os (Hedmark),Os (Hedmark),Os kommune,Os,Hedmark,{0} i Hedmark,municipality,,507562,0,9,"Midtre Gauldal,Holtålen,Røros,Engerdal,Tolga,Tynset"
Os (Hordaland),Os (Hordaland),Os kommune,Os,Hordaland,{0} i Hordaland,municipality,,493936,0,9,"Bergen,Samnanger,Fusa,Tysnes,Austevoll"
Osen,Osen,Osen kommune,Osen,Trøndelag,,municipality,,484257,0,9,"Flatanger,Namdalseid,Roan"
Oslo,Oslo fylke,Oslo kommune,Oslo,Oslo fylke,,municipality,,585,0,9,"Bærum,Ringerike,Lunner,Nittedal,Skedsmo,Lørenskog,Enebakk,Ski,Oppegård,Akershus,Oppland,Buskerud,Nesodden"
Osterøy,Osterøy,Osterøy kommune,Osterøy,Hordaland,,municipality,,488067,0,9,"Vaksdal,Lindås"
Overhalla,Overhalla,Overhalla kommune,Overhalla,Trøndelag,,municipality,,499761,0,9,"Fosnes,Høylandet,Grong,Snåsa,Steinkjer,Namsos"
Porsanger,Porsanger,Porsanger kommune,Porsanger,Finnmark,,municipality,,483885,0,9,"Kvalsund,Måsøy,Nordkapp,Lebesby,Karasjok,Alta,Tana"
Porsgrunn,Porsgrunn,Porsgrunn kommune,Porsgrunn,Telemark,,municipality,,2290,0,9,"Skien,Siljan,Larvik,Bamble"
Radøy,Radøy,Radøy kommune,Radøy,Hordaland,,municipality,,488966,0,9,"Lindås,Meland,Askøy,Øygarden,Fedje,Austrheim"
Rakkestad,Rakkestad,Rakkestad kommune,Rakkestad,Østfold,,municipality,,483969,0,9,"Sarpsborg,Skiptvet,Eidsberg,Marker,Aremark,Halden"
Rana,Rana,Rana kommune,Rana,Nordland,,municipality,,484322,0,9,"Meløy,Beiarn,Saltdal,Hemnes,Leirfjord,Nesna,Lurøy,Rødøy"
Randaberg,Randaberg,Randaberg kommune,Randaberg,Rogaland,,municipality,,492115,0,9,"Stavanger,Sola,Rennesøy,Kvitsøy"
Rauma,Rauma,Rauma kommune,Rauma,Møre og Romsdal,,municipality,,500205,0,9,"Nesset,Lesja,Skjåk,Norddal,Stordal,Vestnes,Molde"
Re,Re,Re kommune,Re,Vestfold,,municipality,,499570,0,9,"Hof (until 2017-12-31),Holmestrand,Horten,Tønsberg,Sandefjord,Lardal (until 2017-12-31),Larvik,Andebu,Stokke (until 2016-12-31)"
Rendalen,Rendalen,Rendalen kommune,Rendalen,Hedmark,,municipality,,488229,0,9,"Alvdal,Tynset,Tolga,Engerdal,Trysil,Åmot,Stor-Elvdal"
Rennebu,Rennebu,Rennebu kommune,Rennebu,Trøndelag,,municipality,,488124,0,9,"Meldal,Midtre Gauldal,Tynset,Oppdal,Rindal"
Rennesøy,Rennesøy,Rennesøy kommune,Rennesøy,Rogaland,,municipality,,494045,0,9,"Stavanger,Randaberg,Kvitsøy,Finnøy,Bokn"
Rindal,Rindal,Rindal kommune,Rindal,Møre og Romsdal,,municipality,,488242,0,9,"Hemne,Orkdal,Meldal,Rennebu,Oppdal,Surnadal"
Ringebu,Ringebu,Ringebu kommune,Ringebu,Oppland,,municipality,,48637,0,9,"Stor-Elvdal,Øyer,Gausdal,Sør-Fron"
Ringerike,Ringerike,Ringerike kommune,Ringerike,Buskerud,,municipality,,110848,0,9,"Sør-Aurdal,Søndre Land,Gran,Jevnaker,Lunner,Oslo,Bærum,Hole,Modum,Krødsherad,Flå"
Ringsaker,Ringsaker,Ringsaker kommune,Ringsaker,Hedmark,,municipality,,113466,0,9,"Lillehammer,Øyer,Stor-Elvdal,Åmot,Stange,Østre Toten,Gjøvik,Hamar"
Rissa (until 2017-12-31),Rissa,Rissa kommune,Rissa,Trøndelag,,municipality,,488157,0,2017-12-31,"Bjugn,Åfjord,Verran,Leksvik (until 2017-12-31),Trondheim,Agdenes"
Risør,Risør,Risør kommune,Risør,Aust-Agder,,municipality,,90595,0,9,"Tvedestrand,Vegårshei,Gjerstad,Kragerø"
Roan,Roan,Roan kommune,Roan,Trøndelag,,municipality,,503600,0,9,"Osen,Åfjord,Namdalseid"
Rollag,Rollag,Rollag kommune,Rollag,Buskerud,,municipality,,483911,0,9,"Nore og Uvdal,Sigdal,Flesberg,Tinn"
Rygge,Rygge,Rygge kommune,Rygge,Østfold,,municipality,,486696,0,9,"Moss,Våler (Østfold),Råde"
Rælingen,Rælingen,Rælingen kommune,Rælingen,Akershus,,municipality,,57870,0,9,"Skedsmo,Fet,Enebakk,Lørenskog"
Rødøy,Rødøy,Rødøy kommune,Rødøy,Nordland,,municipality,,488046,0,9,"Meløy,Rana,Lurøy,Træna"
Rømskog,Rømskog,Rømskog kommune,Rømskog,Østfold,,municipality,,113622,0,9,"Aurskog-Høland,Marker"
Røros,Røros,Røros kommune,Røros,Trøndelag,,municipality,,108999,0,9,"Tydal,Holtålen,Os (Hedmark),Engerdal"
Røst,Røst,Røst kommune,Røst,Nordland,,municipality,,130048,0,9,Værøy
Røyken,Røyken,Røyken kommune,Røyken,Buskerud,,municipality,,488663,0,9,"Lier,Asker,Hurum"
Røyrvik,Røyrvik,Røyrvik kommune,Røyrvik,Trøndelag,,municipality,,484088,0,9,"Namsskogan,Lierne,Grane,Hattfjelldal"
Råde,Råde,Råde kommune,Råde,Østfold,,municipality,,483906,0,9,"Rygge,Våler (Østfold),Sarpsborg,Fredrikstad"
Salangen,Salangen,Salangen kommune,Salangen,Troms,,municipality,,500194,0,9,"Dyrøy,Sørreisa,Bardu,Lavangen,Ibestad"
Saltdal,Saltdal,Saltdal kommune,Saltdal,Nordland,,municipality,,48880,0,9,"Rana,Fauske,Bodø,Beiarn"
Samnanger,Samnanger,Samnanger kommune,Samnanger,Hordaland,,municipality,,488234,0,9,"Vaksdal,Kvam,Fusa,Os (Hordaland),Bergen"
Sande (Vestfold),Sande (Vestfold),Sande kommune,Sande,Vestfold,{0} i Vestfold,municipality,,183029,0,9,"Drammen,Svelvik,Holmestrand,Hof (until 2017-12-31)"
Sande (Møre og Romsdal),Sande (Møre og Romsdal),Sande kommune,Sande,Møre og Romsdal,{0} i Møre og Romsdal,municipality,,501510,0,9,"Herøy (Møre og Romsdal),Vanylven,Selje"
Sandefjord (until 2016-12-31),Sandefjord,Sandefjord kommune,Sandefjord,Vestfold,,municipality,,109005,0,2016-12-31,"Larvik,Tjøme,Andebu,Stokke (until 2016-12-31)"
Sandnes,Sandnes,Sandnes kommune,Sandnes,Rogaland,,municipality,,27587,0,9,"Gjesdal,Time,Stavanger,Klepp,Sola,Forsand"
Sandøy,Sandøy,Sandøy kommune,Sandøy,Møre og Romsdal,,municipality,,48794,0,9,"Aukra,Midsund,Haram"
Sarpsborg,Sarpsborg,Sarpsborg kommune,Sarpsborg,Østfold,,municipality,,108025,0,9,"Våler (Østfold),Skiptvet,Rakkestad,Halden,Fredrikstad,Råde,Hvaler"
Sauda,Sauda,Sauda kommune,Sauda,Rogaland,,municipality,,485297,0,9,"Etne,Odda,Suldal"
Sauherad,Sauherad,Sauherad kommune,Sauherad,Telemark,,municipality,,2381,0,9,"Nome,Bø,Notodden,Kongsberg,Skien"
Sel,Sel,Sel kommune,Sel,Oppland,,municipality,,507499,0,9,"Dovre,Folldal,Sør-Fron,Nord-Fron,Vågå"
Selbu,Selbu,Selbu kommune,Selbu,Trøndelag,,municipality,,492209,0,9,"Malvik,Stjørdal,Meråker,Tydal,Holtålen,Midtre Gauldal,Melhus,Klæbu,Trondheim"
Selje,Selje,Selje kommune,Selje,Sogn og Fjordane,,municipality,,484313,0,9,"Vanylven,Vågsøy,Sande (Møre og Romsdal)"
Seljord,Seljord,Seljord kommune,Seljord,Telemark,,municipality,,2236,0,9,"Tinn,Hjartdal,Notodden,Bø,Kviteseid,Tokke,Vinje"
Sigdal,Sigdal,Sigdal kommune,Sigdal,Buskerud,,municipality,,486726,0,9,"Flå,Krødsherad,Modum,Øvre Eiker,Flesberg,Rollag,Nore og Uvdal"
Siljan,Siljan,Siljan kommune,Siljan,Telemark,,municipality,,2308,0,9,"Kongsberg,Lardal (until 2017-12-31),Larvik,Porsgrunn,Skien"
Sirdal,Sirdal,Sirdal kommune,Sirdal,Vest-Agder,,municipality,,281835,0,9,"Lund,Bjerkreim,Gjesdal,Eigersund,Forsand,Bygland,Kvinesdal,Flekkefjord,Bykle"
Skaun,Skaun,Skaun kommune,Skaun,Trøndelag,,municipality,,500186,0,9,"Orkdal,Melhus,Trondheim"
Skedsmo,Skedsmo,Skedsmo kommune,Skedsmo,Akershus,,municipality,,57871,0,9,"Nittedal,Gjerdrum,Sørum,Fet,Rælingen,Lørenskog,Oslo"
Ski,Ski,Ski kommune,Ski,Akershus,,municipality,,57912,0,9,"Oslo,Enebakk,Hobøl,Ås,Oppegård"
Skien,Skien,Skien kommune,Skien,Telemark,,municipality,,2272,0,9,"Sauherad,Kongsberg,Siljan,Porsgrunn,Bamble,Drangedal,Nome"
Skiptvet,Skiptvet,Skiptvet kommune,Skiptvet,Østfold,,municipality,,156420,0,9,"Våler (Østfold),Spydeberg,Askim,Eidsberg,Rakkestad,Sarpsborg"
Skjervøy,Skjervøy,Skjervøy kommune,Skjervøy,Troms,,municipality,,128762,0,9,"Nordreisa,Kvænangen,Loppa,Lyngen,Karlsøy"
Skjåk,Skjåk,Skjåk kommune,Skjåk,Oppland,,municipality,,484116,0,9,"Stryn,Stranda,Lom,Lesja,Norddal,Rauma,Luster"
Skodje,Skodje,Skodje kommune,Skodje,Møre og Romsdal,,municipality,,48265,0,9,"Haram,Ørskog,Ålesund,Sykkylven,Vestnes"
Skånland,Skånland,Skånland kommune,Skånland,Troms,,municipality,,490038,0,9,"Gratangen,Tjeldsund,Evenes,Narvik,Harstad,Ibestad"
Smøla,Smøla,Smøla kommune,Smøla,Møre og Romsdal,,municipality,,483899,0,9,"Hitra,Aure,Kristiansund (Møre og Romsdal)"
Snillfjord,Snillfjord,Snillfjord kommune,Snillfjord,Trøndelag,,municipality,,48568,0,9,"Agdenes,Orkdal,Hemne,Hitra"
Snåsa,Snåsa,Snåsa kommune,Snåsa,Trøndelag,,municipality,,493846,0,9,"Overhalla,Grong,Lierne,Verdal,Steinkjer"
Sogndal,Sogndal,Sogndal kommune,Sogndal,Sogn og Fjordane,,municipality,,490923,0,9,"Jølster,Luster,Lærdal,Vik,Leikanger,Balestrand,Førde"
Sokndal,Sokndal,Sokndal kommune,Sokndal,Rogaland,,municipality,,48858,0,9,"Eigersund,Lund,Flekkefjord"
Sola,Sola,Sola kommune,Sola,Rogaland,,municipality,,488948,0,9,"Klepp,Sandnes,Stavanger,Randaberg"
Solund,Solund,Solund kommune,Solund,Sogn og Fjordane,,municipality,,48647,0,9,"Askvoll,Fjaler,Hyllestad,Gulen"
Songdalen,Songdalen,Songdalen kommune,Songdalen,Vest-Agder,,municipality,,505956,0,9,"Søgne,Marnardal,Vennesla,Kristiansand (Vest-Agder)"
Sortland,Sortland,Sortland kommune,Sortland,Nordland,,municipality,,48844,0,9,"Øksnes,Andøy,Kvæfjord,Lødingen,Hadsel,Bø"
Spydeberg,Spydeberg,Spydeberg kommune,Spydeberg,Østfold,,municipality,,48668,0,9,"Hobøl,Enebakk,Trøgstad,Askim,Skiptvet,Våler (Østfold)"
Stange,Stange,Stange kommune,Stange,Hedmark,,municipality,,48542,0,9,"Hamar,Løten,Våler (Hedmark),Åsnes,Nord-Odal,Eidsvoll,Ringsaker,Østre Toten"
Stavanger,Stavanger,Stavanger kommune,Stavanger,Rogaland,,municipality,,25416,0,9,"Randaberg,Rennesøy,Sandnes,Sola"
Steigen,Steigen,Steigen kommune,Steigen,Nordland,,municipality,,494005,0,9,"Hamarøy,Sørfold"
Steinkjer,Steinkjer,Steinkjer kommune,Steinkjer,Trøndelag,,municipality,,110431,0,9,"Namdalseid,Overhalla,Grong,Snåsa,Verdal,Inderøy,Verran"
Stjørdal,Stjørdal,Stjørdal kommune,Stjørdal,Trøndelag,,municipality,,217802,0,9,"Malvik,Selbu,Meråker,Levanger,Frosta"
Stokke (until 2016-12-31),Stokke,Stokke kommune,Stokke,Vestfold,,municipality,,5499099,0,2016-12-31,"Andebu,Re,Tønsberg,Nøtterøy,Sandefjord"
Stor-Elvdal,Stor-Elvdal,Stor-Elvdal kommune,Stor-Elvdal,Hedmark,,municipality,,48526,0,9,"Folldal,Alvdal,Rendalen,Åmot,Ringsaker,Øyer,Ringebu,Sør-Fron"
Stord,Stord,Stord kommune,Stord,Hordaland,,municipality,,485253,0,9,"Fitjar,Sveio,Bømlo,Vindafjord,Tysnes,Kvinnherad"
Stordal,Stordal,Stordal kommune,Stordal,Møre og Romsdal,,municipality,,48560,0,9,"Ørskog,Vestnes,Rauma,Norddal,Stranda,Sykkylven"
Storfjord,Storfjord,Storfjord kommune,Storfjord,Troms,,municipality,,48657,0,9,"Lyngen,Kåfjord,Tromsø,Balsfjord,Målselv"
Strand,Strand,Strand kommune,Strand,Rogaland,,municipality,,48591,0,9,"Hjelmeland,Forsand,Finnøy"
Stranda,Stranda,Stranda kommune,Stranda,Møre og Romsdal,,municipality,,48501,0,9,"Stordal,Norddal,Skjåk,Stryn,Hornindal,Ørsta,Sykkylven"
Stryn,Stryn,Stryn kommune,Stryn,Sogn og Fjordane,,municipality,,5223,0,9,"Hornindal,Stranda,Skjåk,Luster,Jølster,Gloppen,Eid"
Sula,Sula,Sula kommune,Sula,Møre og Romsdal,,municipality,,507524,0,9,"Ålesund,Giske,Hareid,Ørsta"
Suldal,Suldal,Suldal kommune,Suldal,Rogaland,,municipality,,48577,0,9,"Sauda,Etne,Odda,Vinje,Bykle,Hjelmeland,Vindafjord,Finnøy"
Sund,Sund,Sund kommune,Sund,Hordaland,,municipality,,507509,0,9,"Fjell,Bergen,Austevoll"
Sunndal,Sunndal,Sunndal kommune,Sunndal,Møre og Romsdal,,municipality,,48521,0,9,"Tingvoll,Surnadal,Oppdal,Lesja,Nesset"
Surnadal,Surnadal,Surnadal kommune,Surnadal,Møre og Romsdal,,municipality,,48545,0,9,"Halsa,Hemne,Rindal,Oppdal,Sunndal,Tingvoll"
Sveio,Sveio,Sveio kommune,Sveio,Hordaland,,municipality,,48518,0,9,"Haugesund,Tysvær,Bømlo,Stord,Vindafjord"
Svelvik,Svelvik,Svelvik kommune,Svelvik,Vestfold,,municipality,,48701,0,9,"Drammen,Sande (Vestfold)"
Sykkylven,Sykkylven,Sykkylven kommune,Sykkylven,Møre og Romsdal,,municipality,,48508,0,9,"Stordal,Stranda,Ørsta,Ålesund,Skodje,Ørskog"
Søgne,Søgne,Søgne kommune,Søgne,Vest-Agder,,municipality,,501401,0,9,"Mandal,Kristiansand (Vest-Agder),Marnardal,Songdalen"
Sømna,Sømna,Sømna kommune,Sømna,Nordland,,municipality,,48610,0,9,"Brønnøy,Bindal"
Søndre Land,Søndre Land,Søndre Land kommune,Søndre Land,Oppland,,municipality,,484093,0,9,"Nordre Land,Gjøvik,Vestre Toten,Gran,Ringerike,Sør-Aurdal"
Sør-Aurdal,Sør-Aurdal,Sør-Aurdal kommune,Sør-Aurdal,Oppland,,municipality,,48414,0,9,"Nord-Aurdal,Etnedal,Nordre Land,Søndre Land,Ringerike,Flå,Nes,Gol"
Sør-Fron,Sør-Fron,Sør-Fron kommune,Sør-Fron,Oppland,,municipality,,488054,0,9,"Nord-Fron,Sel,Folldal,Stor-Elvdal,Ringebu,Gausdal,Øystre Slidre"
Sør-Odal,Sør-Odal,Sør-Odal kommune,Sør-Odal,Hedmark,,municipality,,48615,0,9,"Nord-Odal,Grue,Kongsvinger,Eidskog,Nes"
Sør-Varanger,Sør-Varanger,Sør-Varanger kommune,Sør-Varanger,Finnmark,,municipality,,48827,0,9,"Nesseby,Petsjenga,Vadsø"
Sørfold,Sørfold,Sørfold kommune,Sørfold,Nordland,,municipality,,484097,0,9,"Steigen,Hamarøy,Fauske,Bodø,Jokkmokk"
Sørreisa,Sørreisa,Sørreisa kommune,Sørreisa,Troms,,municipality,,48325,0,9,"Lenvik,Målselv,Bardu,Salangen,Dyrøy"
Sørum,Sørum,Sørum kommune,Sørum,Akershus,,municipality,,57914,0,9,"Ullensaker,Nes,Aurskog-Høland,Fet,Skedsmo,Gjerdrum"
Tana,Tana,Tana kommune,Tana,Finnmark,,municipality,,483964,0,9,"Gamvik,Berlevåg,Båtsfjord,Nesseby,Vadsø,Karasjok,Utsjok,Porsanger,Lebesby"
Time,Time,Time kommune,Time,Rogaland,,municipality,,493981,0,9,"Sandnes,Gjesdal,Bjerkreim,Hå,Klepp"
Tingvoll,Tingvoll,Tingvoll kommune,Tingvoll,Møre og Romsdal,,municipality,,488252,0,9,"Sunndal,Aure,Halsa,Surnadal,Nesset,Gjemnes,Kristiansund (Møre og Romsdal)"
Tinn,Tinn,Tinn kommune,Tinn,Telemark,,municipality,,2365,0,9,"Nore og Uvdal,Rollag,Flesberg,Notodden,Hjartdal,Seljord,Vinje"
Tjeldsund,Tjeldsund,Tjeldsund kommune,Tjeldsund,Nordland,,municipality,,48801,0,9,"Harstad,Lødingen,Skånland,Evenes,Ballangen,Kvæfjord"
Tjøme (until 2017-12-31),Tjøme,Tjøme kommune,Tjøme,Vestfold,,municipality,,48687,0,2017-12-31,"Nøtterøy,Sandefjord"
Tokke,Tokke,Tokke kommune,Tokke,Telemark,,municipality,,2241,0,9,"Vinje,Kviteseid,Seljord,Fyresdal,Valle,Bykle"
Tolga,Tolga,Tolga kommune,Tolga,Hedmark,,municipality,,507549,0,9,"Os (Hedmark),Engerdal,Rendalen,Tynset"
Torsken,Torsken,Torsken kommune,Torsken,Troms,,municipality,,48581,0,9,"Berg,Tranøy,Andøy"
Tranøy,Tranøy,Tranøy kommune,Tranøy,Troms,,municipality,,48597,0,9,"Torsken,Berg,Lenvik,Dyrøy,Ibestad,Harstad,Andøy"
Tromsø,Tromsø,Tromsø kommune,Tromsø,Troms,,municipality,,26087,0,9,"Lenvik,Balsfjord,Storfjord,Lyngen,Karlsøy"
Trondheim,Trondheim,Trondheim kommune,Trondheim,Trøndelag,,municipality,,25804,0,9,"Malvik,Selbu,Klæbu,Melhus,Rissa (until 2017-12-31),Leksvik (until 2017-12-31),Skaun,Indre Fosen (until 2019-12-31)"
Trysil,Trysil,Trysil kommune,Trysil,Hedmark,,municipality,,48529,0,9,"Engerdal,Rendalen,Åmot,Elverum,Våler"
Træna,Træna,Træna kommune,Træna,Nordland,,municipality,,48620,0,9,"Lurøy,Rødøy,Dønna"
Trøgstad,Trøgstad,Trøgstad kommune,Trøgstad,Østfold,,municipality,,48678,0,9,"Enebakk,Fet,Aurskog-Høland,Eidsberg,Askim,Spydeberg"
Tvedestrand,Tvedestrand,Tvedestrand kommune,Tvedestrand,Aust-Agder,,municipality,,90597,0,9,"Arendal,Risør,Froland,Åmli,Vegårshei"
Tydal,Tydal,Tydal kommune,Tydal,Trøndelag,,municipality,,494053,0,9,"Meråker,Selbu,Holtålen,Røros"
Tynset,Tynset,Tynset kommune,Tynset,Hedmark,,municipality,,488779,0,9,"Rennebu,Midtre Gauldal,Os (Hedmark),Tolga,Rendalen,Alvdal,Folldal,Oppdal"
Tysfjord,Tysfjord,Tysfjord kommune,Tysfjord,Nordland,,municipality,,493851,0,9,"Ballangen,Hamarøy,Gällivare,Jokkmokk"
Tysnes,Tysnes,Tysnes kommune,Tysnes,Hordaland,,municipality,,48316,0,9,"Os (Hordaland),Fusa,Kvinnherad,Stord,Fitjar,Austevoll"
Tysvær,Tysvær,Tysvær kommune,Tysvær,Rogaland,,municipality,,493977,0,9,"Sveio,Vindafjord,Karmøy,Haugesund,Finnøy,Bokn"
Tønsberg,Tønsberg,Tønsberg kommune,Tønsberg,Vestfold,,municipality,,107392,0,9,"Stokke (until 2016-12-31),Re,Horten,Nøtterøy,Færder,Sandefjord"
Ullensaker,Ullensaker,Ullensaker kommune,Ullensaker,Akershus,,municipality,,57917,0,9,"Eidsvoll,Nes,Sørum,Gjerdrum,Nannestad"
Ullensvang,Ullensvang,Ullensvang herad,Ullensvang,Hordaland,,municipality,,484077,0,9,"Granvin,Ulvik,Eidfjord,Vinje,Odda,Kvinnherad,Jondal,Kvam"
Ulstein,Ulstein,Ulstein kommune,Ulstein,Møre og Romsdal,,municipality,,493961,0,9,"Hareid,Herøy (Møre og Romsdal),Giske"
Ulvik,Ulvik,Ulvik herad,Ulvik,Hordaland,,municipality,,487711,0,9,"Voss,Aurland,Hol,Eidfjord,Ullensvang,Granvin"
Utsira,Utsira,Utsira kommune,Utsira,Rogaland,,municipality,,499485,0,9,Karmøy
Vadsø,Vadsø,Vadsø kommune,Vadsø,Finnmark,,municipality,,104379,0,9,"Båtsfjord,Vardø,Tana,Nesseby,Berlevåg,Sør-Varanger"
Vaksdal,Vaksdal,Vaksdal kommune,Vaksdal,Hordaland,,municipality,,48928,0,9,"Bergen,Voss,Osterøy,Vik,Modalen,Kvam,Samnanger,Lindås"
Valle,Valle,Valle kommune,Valle kommune,Aust-Agder,,municipality,,90598,0,9,"Bygland,Bykle,Tokke,Fyresdal,Sirdal"
Vang,Vang,Vang kommune,Vang,Oppland,,municipality,,503637,0,9,"Luster,Lom,Vågå,Øystre Slidre,Vestre Slidre,Hemsedal,Lærdal,Årdal"
Vanylven,Vanylven,Vanylven kommune,Vanylven,Møre og Romsdal,,municipality,,493992,0,9,"Sande (Møre og Romsdal),Herøy (Møre og Romsdal),Volda,Eid,Vågsøy,Selje"
Vardø,Vardø,Vardø kommune,Vardø,Finnmark,,municipality,,108983,0,9,"Vadsø,Båtsfjord"
Vefsn,Vefsn,Vefsn kommune,Vefsn,Nordland,,municipality,,503654,0,9,"Leirfjord,Hemnes,Hattfjelldal,Grane,Brønnøy,Vevelstad,Alstahaug"
Vega,Vega,Vega kommune,Vega,Nordland,,municipality,,488375,0,9,"Brønnøy,Vevelstad,Alstahaug"
Vegårshei,Vegårshei,Vegårshei kommune,Vegårshei,Aust-Agder,,municipality,,90600,0,9,"Nissedal,Gjerstad,Risør,Tvedestrand,Åmli"
Vennesla,Vennesla,Vennesla kommune,Vennesla,Vest-Agder,,municipality,,500227,0,9,"Kristiansand (Vest-Agder),Songdalen,Marnardal,Evje og Hornnes,Iveland,Birkenes"
Verdal,Verdal,Verdal kommune,Verdal,Trøndelag,,municipality,,503660,0,9,"Steinkjer,Inderøy,Snåsa,Meråker,Levanger"
Verran,Verran,Verran kommune,Verran,Trøndelag,,municipality,,499779,0,9,"Steinkjer,Namdalseid,Inderøy,Indre Fosen (until 2019-12-31),Åfjord,Leksvik (until 2017-12-31),Rissa (until 2017-12-31)"
Vestby,Vestby,Vestby kommune,Vestby,Akershus,,municipality,,57918,0,9,"Moss,Hobøl,Våler (Østfold),Ås,Frogn"
Vestnes,Vestnes,Vestnes kommune,Vestnes,Møre og Romsdal,,municipality,,488060,0,9,"Rauma,Stordal,Ørskog,Skodje,Haram,Molde,Midsund"
Vestre Slidre,Vestre Slidre,Vestre Slidre kommune,Vestre Slidre,Oppland,,municipality,,488439,0,9,"Vang,Øystre Slidre,Nord-Aurdal,Hemsedal"
Vestre Toten,Vestre Toten,Vestre Toten kommune,Vestre Toten,Oppland,,municipality,,48717,0,9,"Østre Toten,Gjøvik,Gran,Søndre Land,Hurdal"
Vestvågøy,Vestvågøy,Vestvågøy kommune,Vestvågøy,Nordland,,municipality,,507201,0,9,"Flakstad,Vågan"
Vevelstad,Vevelstad,Vevelstad kommune,Vevelstad,Nordland,,municipality,,494068,0,9,"Alstahaug,Vefsn,Brønnøy,Vega"
Vik,Vik,Vik kommune,Vik,Sogn og Fjordane,,municipality,,303521,0,9,"Aurland,Voss,Vaksdal,Modalen,Høyanger,Balestrand,Leikanger,Sogndal,Lærdal"
Vikna,Vikna,Vikna kommune,Vikna,Trøndelag,,municipality,,48833,0,9,"Leka,Flatanger,Nærøy,Fosnes"
Vindafjord,Vindafjord,Vindafjord kommune,Vindafjord,Rogaland,,municipality,,502197,0,9,"Tysvær,Suldal,Etne,Sveio,Stord,Kvinnherad"
Vinje,Vinje,Vinje kommune,Vinje,Telemark,,municipality,,2245,0,9,"Nore og Uvdal,Tinn,Seljord,Tokke,Bykle,Suldal,Odda,Ullensvang"
Volda,Volda,Volda kommune,Volda,Møre og Romsdal,,municipality,,488445,0,9,"Ørsta,Hornindal,Eid,Vanylven,Herøy (Møre og Romsdal)"
Voss,Voss,Voss kommune,Voss,Hordaland,,municipality,,109031,0,9,"Vik,Aurland,Ulvik,Granvin,Kvam,Vaksdal"
Værøy,Værøy,Værøy kommune,Værøy,Nordland,,municipality,,48629,0,9,"Moskenes,Røst"
Vågan,Vågan,Vågan kommune,Vågan,Nordland,,municipality,,490246,0,9,"Hadsel,Lødingen,Vestvågøy"
Vågsøy,Vågsøy,Vågsøy kommune,Vågsøy,Sogn og Fjordane,,municipality,,499719,0,9,"Selje,Vanylven,Eid,Bremanger"
Vågå,Vågå,Vågå kommune,Vågå,Oppland,,municipality,,113438,0,9,"Lesja,Dovre,Sel,Nord-Fron,Øystre Slidre,Vang,Lom"
Våler (Østfold),Våler (Østfold),Våler kommune,Våler,Østfold,{0} i Østfold,municipality,,499446,0,9,"Moss,Rygge,Råde,Sarpsborg,Skiptvet,Spydeberg,Hobøl,Vestby"
Våler (Hedmark),Våler (Hedmark),Våler kommune,Våler,Hedmark,{0} i Hedmark,municipality,,501413,0,9,"Løten,Stange,Åsnes,Elverum"
Øksnes,Øksnes,Øksnes kommune,Øksnes,Nordland,,municipality,,308134,0,9,"Sortland,Bø,Andøy"
Ørland,Ørland,Ørland kommune,Ørland,Trøndelag,,municipality,,308245,0,9,"Bjugn,Hitra,Agdenes"
Ørskog,Ørskog,Ørskog kommune,Ørskog,Møre og Romsdal,,municipality,,308260,0,9,"Vestnes,Stordal,Skodje,Sykkylven"
Ørsta,Ørsta,Ørsta kommune,Ørsta,Møre og Romsdal,,municipality,,156453,0,9,"Sykkylven,Stranda,Hornindal,Volda,Hareid,Sula"
Østre Toten,Østre Toten,Østre Toten kommune,Østre Toten,Oppland,,municipality,,308420,0,9,"Vestre Toten,Gjøvik,Ringsaker,Stange,Eidsvoll,Hurdal"
Øvre Eiker,Øvre Eiker,Øvre Eiker kommune,Øvre Eiker,Buskerud,,municipality,,110311,0,9,"Kongsberg,Flesberg,Sigdal,Modum,Lier,Nedre Eiker,Hof (until 2017-12-31),Holmestrand"
Øyer,Øyer,Øyer kommune,Øyer,Oppland,,municipality,,316779,0,9,"Ringebu,Stor-Elvdal,Ringsaker,Lillehammer,Gausdal"
Øygarden,Øygarden,Øygarden kommune,Øygarden,Hordaland,,municipality,,317321,0,9,"Fedje,Radøy,Askøy,Fjell"
Øystre Slidre,Øystre Slidre,Øystre Slidre kommune,Øystre Slidre,Oppland,,municipality,,329894,0,9,"Vågå,Nord-Fron,Sør-Fron,Gausdal,Nord-Aurdal,Vestre Slidre,Vang"
Åfjord,Åfjord,Åfjord kommune,Åfjord,Trøndelag,,municipality,,270835,0,9,"Roan,Bjugn,Indre Fosen (until 2019-12-31),Verran,Namdalseid,Rissa (until 2017-12-31)"
Ål,Ål,Ål kommune,Ål,Buskerud,,municipality,,113538,0,9,"Lærdal,Hemsedal,Gol,Nes,Nore og Uvdal,Hol"
Ålesund,Ålesund,Ålesund kommune,Ålesund,Møre og Romsdal,,municipality,,62266,0,9,"Skodje,Giske,Sula,Sykkylven,Haram"
Åmli,Åmli,Åmli kommune,Åmli,Aust-Agder,,municipality,,90601,0,9,"Fyresdal,Nissedal,Vegårshei,Tvedestrand,Froland,Bygland"
Åmot,Åmot,Åmot kommune,Åmot,Hedmark,,municipality,,271063,0,9,"Rendalen,Trysil,Elverum,Løten,Hamar,Ringsaker,Stor-Elvdal"
Årdal,Årdal,Årdal kommune,Årdal,Sogn og Fjordane,,municipality,,271140,0,9,"Luster,Vang,Lærdal"
Ås,Ås,Ås kommune,Ås,Akershus,,municipality,,54062,0,9,"Vestby,Frogn,Oppegård,Ski,Hobøl"
Åseral,Åseral,Åseral kommune,Åseral,Vest-Agder,,municipality,,271275,0,9,"Hægebostad,Kvinesdal,Bygland,Evje og Hornnes,Audnedal"
Åsnes,Åsnes,Åsnes kommune,Åsnes,Hedmark,,municipality,,48769,0,9,"Våler (Hedmark),Grue,Nord-Odal,Stange"
Sandefjord,Sandefjord,Sandefjord kommune,Sandefjord,Vestfold,,municipality,,109005,2017-01-01,9,"Nøtterøy,Re,Larvik,Tjøme,Tønsberg,Færder,Lardal (until 2017-12-31)"
Bjarkøy (until 2012-12-31),Bjarkøy,Bjarkøy kommune,Bjarkøy,Troms,,municipality,,48333,0,2012-12-31,
Harstad (until 2012-12-31),Harstad,Harstad kommune,Harstad,Troms,,municipality,,62140,0,2012-12-31,"Tranøy,Kvæfjord,Tjeldsund,Skånland,Ibestad,Andøy"
Inderøy (until 2011-12-31),Inderøy,Inderøy kommune,Inderøy,Trøndelag,,municipality,,488970,0,2011-12-31,"Steinkjer,Verdal,Verran,Levanger,Leksvik (until 2017-12-31)"
Mosvik (until 2011-12-31),Mosvik,Mosvik kommune,Mosvik,Trøndelag,,municipality,,499704,0,2011-12-31,
Kristiansund (until 2007-01-01),Kristiansund,Kristiansund kommune,Kristiansund,Møre og Romsdal,,municipality,,109483,0,2007-01-01,"Smøla,Aure,Tingvoll,Gjemnes,Averøy"
Frei (until 2007-01-01),Frei,Frei kommune,Frei,Møre og Romsdal,,municipality,,499711,0,2007-01-01,
Larvik,Larvik,Larvik kommune,Larvik,Vestfold,,municipality,,156125,2018-01-01,9,"Sandefjord,Porsgrunn,Siljan,Holmestrand,Kongsberg,Re"
Holmestrand,Holmestrand,Holmestrand kommune,Holmestrand,Vestfold,,municipality,,483871,2018-01-01,9,"Sande,Re,Drammen,Nedre Eiker,Øvre Eiker,Larvik,Kongsberg"
Indre Fosen (until 2019-12-31),Indre Fosen,Indre Fosen kommune,Indre Fosen,Trøndelag,,municipality,,25428806,2018-01-01,2019-12-31,"Inderøy,Verran,Frosta,Trondheim,Bjugn,Åfjord,Agdenes"
Færder,Færder,Færder kommune,Færder,Vestfold,,municipality,,42320251,2018-01-01,9,"Tønsberg,Sandefjord"
