id,label,label_short,label__sv,label__en,region_level,start,end,key,parent,neighbours
Outside Sweden,Utanför Sverige,Utanför Sverige,,,nation,,,,,
Afghanistan,Afghanistan,,Afghanistan,Afghanistan,nation,,,af,,
Angola,Angola,,Angola,Angola,nation,,,ao,,
Albania,Albanien,,Albanien,Albania,nation,,,al,,
Andorra,Andorra,,Andorra,Andorra,nation,,,ad,,
United Arab Emirates,Förenade Arabemiraten,,Förenade Arabemiraten,United Arab Emirates,nation,,,ae,,
Argentina,Argentina,,Argentina,Argentina,nation,,,ar,,
Armenia,Armenien,,Armenien,Armenia,nation,,,am,,
Antigua and Barbuda,Antigua och Barbuda,,Antigua och Barbuda,Antigua and Barbuda,nation,,,ag,,
Australia,Australien,,Australien,Australia,nation,,,au,,
Austria,Österrike,,Österrike,Austria,nation,,,at,EU-28,
Azerbaijan,Azerbajdzjan,,Azerbajdzjan,Azerbaijan,nation,,,az,,
Burundi,Burundi,,Burundi,Burundi,nation,,,bi,,
Belgium,Belgien,,Belgien,Belgium,nation,,,be,EU-28,
Benin,Benin,,Benin,Benin,nation,,,bj,,
Burkina Faso,Burkina Faso,,Burkina Faso,Burkina Faso,nation,,,bf,,
Bangladesh,Bangladesh,,Bangladesh,Bangladesh,nation,,,bd,,
Bulgaria,Bulgarien,,Bulgarien,Bulgaria,nation,,,bg,EU-28,
Bahrain,Bahrain,,Bahrain,Bahrain,nation,,,bh,,
Bahamas,Bahamas,,Bahamas,Bahamas,nation,,,bs,,
Bosnia and Herzegovina,Bosnien och Hercegovina,,Bosnien och Hercegovina,Bosnia and Herzegovina,nation,,,ba,,
Belarus,Vitryssland,,Vitryssland,Belarus,nation,,,by,,
Belize,Belize,,Belize,Belize,nation,,,bz,,
Bolivia,Bolivia,,Bolivia,Bolivia,nation,,,bo,,
Brazil,Brasilien,,Brasilien,Brazil,nation,,,br,,
Barbados,Barbados,,Barbados,Barbados,nation,,,bb,,
Brunei Darussalam,Brunei,,Brunei,Brunei Darussalam,nation,,,bn,,
Bhutan,Bhutan,,Bhutan,Bhutan,nation,,,bt,,
Botswana,Botswana,,Botswana,Botswana,nation,,,bw,,
Central African Republic,Centralafrikanska republiken,,Centralafrikanska republiken,Central African Republic,nation,,,cf,,
Canada,Kanada,,Kanada,Canada,nation,,,ca,,
Switzerland,Schweiz,,Schweiz,Switzerland,nation,,,ch,,
Chile,Chile,,Chile,Chile,nation,,,cl,,
China,Kina,,Kina,China,nation,,,cn,,
Cote D'Ivoire,Elfenbenskusten,,Elfenbenskusten,Cote D'Ivoire,nation,,,ci,,
Cameroon,Kamerun,,Kamerun,Cameroon,nation,,,cm,,
Democratic republic of Congo,Kongo-Kinshasa,,Kongo-Kinshasa,Democratic republic of Congo,nation,,,cd,,
Republic of Congo,Kongo-Brazzaville,,Kongo-Brazzaville,Republic of Congo,nation,,,cg,,
Colombia,Colombia,,Colombia,Colombia,nation,,,co,,
Comoros,Komorerna,,Komorerna,Comoros,nation,,,km,,
Cape Verde,Kap Verde,,Kap Verde,Cape Verde,nation,,,cv,,
Costa Rica,Costa Rica,,Costa Rica,Costa Rica,nation,,,cr,,
Cuba,Kuba,,Kuba,Cuba,nation,,,cu,,
Cyprus,Cypern,,Cypern,Cyprus,nation,,,cy,EU-28,
Czech Republic,Tjeckien,,Tjeckien,Czech Republic,nation,,,cz,EU-28,
Germany,Tyskland,,Tyskland,Germany,nation,,,de,EU-28,
Djibouti,Djibouti,,Djibouti,Djibouti,nation,,,dj,,
Dominica,Dominica,,Dominica,Dominica,nation,,,dm,,
Denmark,Danmark,,Danmark,Denmark,nation,,,dk,EU-28,
Dominican Republic,Dominikanska republiken,,Dominikanska republiken,Dominican Republic,nation,,,do,,
Algeria,Algeriet,,Algeriet,Algeria,nation,,,dz,,
Ecuador,Ecuador,,Ecuador,Ecuador,nation,,,ec,,
Egypt,Egypten,,Egypten,Egypt,nation,,,eg,,
Eritrea,Eritrea,,Eritrea,Eritrea,nation,,,er,,
Spain,Spanien,,Spanien,Spain,nation,,,es,EU-28,
Estonia,Estland,,Estland,Estonia,nation,,,ee,EU-28,
Ethiopia,Etiopien,,Etiopien,Ethiopia,nation,,,et,,
Finland,Finland,,Finland,Finland,nation,,,fi,EU-28,
Fiji,Fiji,,Fiji,Fiji,nation,,,fj,,
France,Frankrike,,Frankrike,France,nation,,,fr,EU-28,
Micronesia,Mikronesiska federationen,,Mikronesiska federationen,Micronesia,nation,,,ko,,
Gabon,Gabon,,Gabon,Gabon,nation,,,ga,,
United Kingdom of Great Britain,Storbritannien,,Storbritannien,United Kingdom of Great Britain,nation,,,gb,EU-28,
Georgia,Georgien,,Georgien,Georgia,nation,,,ge,,
Ghana,Ghana,,Ghana,Ghana,nation,,,gh,,
Guinea,Guinea,,Guinea,Guinea,nation,,,gn,,
The Gambia,Gambia,,Gambia,The Gambia,nation,,,gm,,
Guinea-Bissau,Guinea-Bissau,,Guinea-Bissau,Guinea-Bissau,nation,,,gw,,
Equatorial Guinea,Ekvatorialguinea,,Ekvatorialguinea,Equatorial Guinea,nation,,,gq,,
Greece,Grekland,,Grekland,Greece,nation,,,gr,EU-28,
Grenada,Grenada,,Grenada,Grenada,nation,,,gd,,
Guatemala,Guatemala,,Guatemala,Guatemala,nation,,,gt,,
Guyana,Guyana,,Guyana,Guyana,nation,,,gy,,
Honduras,Honduras,,Honduras,Honduras,nation,,,hn,,
Croatia,Kroatien,,Kroatien,Croatia,nation,,,hr,EU-28,
Haiti,Haiti,,Haiti,Haiti,nation,,,ht,,
Hungary,Ungern,,Ungern,Hungary,nation,,,hu,EU-28,
Indonesia,Indonesien,,Indonesien,Indonesia,nation,,,id,,
India,Indien,,Indien,India,nation,,,in,,
Ireland,Irland,,Irland,Ireland,nation,,,ie,EU-28,
Iran,Iran,,Iran,Iran,nation,,,ir,,
Iraq,Irak,,Irak,Iraq,nation,,,iq,,
Iceland,Island,,Island,Iceland,nation,,,is,EU-28,
Israel,Israel,,Israel,Israel,nation,,,il,,
Italy,Italien,,Italien,Italy,nation,,,it,EU-28,
Jamaica,Jamaica,,Jamaica,Jamaica,nation,,,jm,,
Yugoslavia,Jugoslavien,,Jugoslavien,Yugoslavia,nation,,,yu,,
Japan,Japan,,Japan,Japan,nation,,,jp,,
Kazakhstan,Kazakstan,,Kazakstan,Kazakhstan,nation,,,kz,,
Kenya,Kenya,,Kenya,Kenya,nation,,,ke,,
Kyrgyz Republic,Kirgizistan,,Kirgizistan,Kyrgyz Republic,nation,,,kg,,
Cambodia,Kambodja,,Kambodja,Cambodia,nation,,,kh,,
Kiribati,Kiribati,,Kiribati,Kiribati,nation,,,ki,,
St. Kitts and Nevis,Saint Kitts och Nevis,,Saint Kitts och Nevis,St. Kitts and Nevis,nation,,,kn,,
Korea,Sydkorea,,Sydkorea,Korea,nation,,,kr,,
Kosovo,Kosovo,,Kosovo,Kosovo,nation,,,xk,,
Kuwait,Kuwait,,Kuwait,Kuwait,nation,,,kw,,
Lao People's Democratic Republic,Laos,,Laos,Lao People's Democratic Republic,nation,,,la,,
Lebanon,Libanon,,Libanon,Lebanon,nation,,,lb,,
Liberia,Liberia,,Liberia,Liberia,nation,,,lr,,
Libya,Libyen,,Libyen,Libya,nation,,,ly,,
St. Lucia,Saint Lucia,,Saint Lucia,St. Lucia,nation,,,lc,,
Liechtenstein,Liechtenstein,,Liechtenstein,Liechtenstein,nation,,,li,,
Sri Lanka,Sri Lanka,,Sri Lanka,Sri Lanka,nation,,,lk,,
Lesotho,Lesotho,,Lesotho,Lesotho,nation,,,ls,,
Lithuania,Litauen,,Litauen,Lithuania,nation,,,lt,EU-28,
Luxembourg,Luxemburg,,Luxemburg,Luxembourg,nation,,,lu,EU-28,
Latvia,Lettland,,Lettland,Latvia,nation,,,lv,EU-28,
Morocco,Marocko,,Marocko,Morocco,nation,,,ma,,
Monaco,Monaco,,Monaco,Monaco,nation,,,mc,,
Moldova,Moldavien,,Moldavien,Moldova,nation,,,md,,
Madagascar,Madagaskar,,Madagaskar,Madagascar,nation,,,mg,,
Maldives,Maldiverna,,Maldiverna,Maldives,nation,,,mv,,
Mexico,Mexiko,,Mexiko,Mexico,nation,,,mx,,
Marshall Islands,Marshallöarna,,Marshallöarna,Marshall Islands,nation,,,mh,,
Macedonia,Makedonien,,Makedonien,Macedonia,nation,,,mk,,
Mali,Mali,,Mali,Mali,nation,,,ml,,
Malta,Malta,,Malta,Malta,nation,,,mt,EU-28,
Myanmar,Burma,,Burma,Myanmar,nation,,,mm,,
Montenegro,Montenegro,,Montenegro,Montenegro,nation,,,me,,
Mongolia,Mongoliet,,Mongoliet,Mongolia,nation,,,mn,,
Mozambique,Moçambique,,Moçambique,Mozambique,nation,,,mz,,
Mauritania,Mauretanien,,Mauretanien,Mauritania,nation,,,mr,,
Mauritius,Mauritius,,Mauritius,Mauritius,nation,,,mu,,
Malawi,Malawi,,Malawi,Malawi,nation,,,mw,,
Malaysia,Malaysia,,Malaysia,Malaysia,nation,,,my,,
Namibia,Namibia,,Namibia,Namibia,nation,,,na,,
Niger,Niger,,Niger,Niger,nation,,,ne,,
Nigeria,Nigeria,,Nigeria,Nigeria,nation,,,ng,,
Nicaragua,Nicaragua,,Nicaragua,Nicaragua,nation,,,ni,,
Netherlands,Nederländerna,,Nederländerna,Netherlands,nation,,,nl,EU-28,
Norway,Norge,,Norge,Norway,nation,,,no,EU-28,
Nepal,Nepal,,Nepal,Nepal,nation,,,np,,
Nauru,Nauru,,Nauru,Nauru,nation,,,nr,,
New Zealand,Nya Zeeland,,Nya Zeeland,New Zealand,nation,,,nz,,
Oman,Oman,,Oman,Oman,nation,,,om,,
Pakistan,Pakistan,,Pakistan,Pakistan,nation,,,pk,,
Panama,Panama,,Panama,Panama,nation,,,pa,,
Peru,Peru,,Peru,Peru,nation,,,pe,,
Philippines,Filippinerna,,Filippinerna,Philippines,nation,,,ph,,
Palau,Palau,,Palau,Palau,nation,,,pw,,
Papua New Guinea,Papua Nya Guinea,,Papua Nya Guinea,Papua New Guinea,nation,,,pg,,
Poland,Polen,,Polen,Poland,nation,,,pl,EU-28,
North Korea,Nordkorea,,Nordkorea,North Korea,nation,,,kp,,
Portugal,Portugal,,Portugal,Portugal,nation,,,pt,EU-28,
Paraguay,Paraguay,,Paraguay,Paraguay,nation,,,py,,
Qatar,Qatar,,Qatar,Qatar,nation,,,qa,,
Romania,Rumänien,,Rumänien,Romania,nation,,,ro,EU-28,
Russian Federation,Ryssland,,Ryssland,Russian Federation,nation,,,ru,,
Rwanda,Rwanda,,Rwanda,Rwanda,nation,,,rw,,
Saudi Arabia,Saudiarabien,,Saudiarabien,Saudi Arabia,nation,,,sa,,
Sudan,Sudan,,Sudan,Sudan,nation,,,sd,,
Senegal,Senegal,,Senegal,Senegal,nation,,,sn,,
Singapore,Singapore,,Singapore,Singapore,nation,,,sg,,
Solomon Islands,Salomonöarna,,Salomonöarna,Solomon Islands,nation,,,sb,,
Sierra Leone,Sierra Leone,,Sierra Leone,Sierra Leone,nation,,,sl,,
El Salvador,El Salvador,,El Salvador,El Salvador,nation,,,sv,,
San Marino,San Marino,,San Marino,San Marino,nation,,,sm,,
Somalia,Somalia,,Somalia,Somalia,nation,,,so,,
Serbia,Serbien,,Serbien,Serbia,nation,,,rs,,
South Sudan,Sydsudan,,Sydsudan,South Sudan,nation,,,ss,,
Sao Tome and Principe,São Tomé och Príncipe,,São Tomé och Príncipe,Sao Tome and Principe,nation,,,st,,
Suriname,Surinam,,Surinam,Suriname,nation,,,sr,,
Slovakia,Slovakien,,Slovakien,Slovakia,nation,,,sk,EU-28,
Slovenia,Slovenien,,Slovenien,Slovenia,nation,,,si,EU-28,
Sweden,Sverige,,Sverige,Sweden,nation,,,se,EU-28,
Swaziland,Swaziland,,Swaziland,Swaziland,nation,,,sz,,
Seychelles,Seychellerna,,Seychellerna,Seychelles,nation,,,sc,,
Syrian Arab Republic,Syrien,,Syrien,Syrian Arab Republic,nation,,,sy,,
Chad,Tchad,,Tchad,Chad,nation,,,td,,
Togo,Togo,,Togo,Togo,nation,,,tg,,
Thailand,Thailand,,Thailand,Thailand,nation,,,th,,
Tajikistan,Tadzjikistan,,Tadzjikistan,Tajikistan,nation,,,tj,,
Turkmenistan,Turkmenistan,,Turkmenistan,Turkmenistan,nation,,,tm,,
Timor-Leste,Östtimor,,Östtimor,Timor-Leste,nation,,,tl,,
Tonga,Tonga,,Tonga,Tonga,nation,,,to,,
Trinidad and Tobago,Trinidad och Tobago,,Trinidad och Tobago,Trinidad and Tobago,nation,,,tt,,
Tunisia,Tunisien,,Tunisien,Tunisia,nation,,,tn,,
Turkey,Turkiet,,Turkiet,Turkey,nation,,,tr,,
Tuvalu,Tuvalu,,Tuvalu,Tuvalu,nation,,,tv,,
Taiwan,Taiwan,,Taiwan,Taiwan,nation,,,tw,,
Tanzania,Tanzania,,Tanzania,Tanzania,nation,,,tz,,
Uganda,Uganda,,Uganda,Uganda,nation,,,ug,,
Ukraine,Ukraina,,Ukraina,Ukraine,nation,,,ua,,
Uruguay,Uruguay,,Uruguay,Uruguay,nation,,,uy,,
United States of America,USA,,USA,United States of America,nation,,,us,,
Uzbekistan,Uzbekistan,,Uzbekistan,Uzbekistan,nation,,,uz,,
Holy See,Vatikanstaten,,Vatikanstaten,Holy See,nation,,,va,,
St. Vincent and the Grenadines,Saint Vincent och Grenadinerna,,Saint Vincent och Grenadinerna,St. Vincent and the Grenadines,nation,,,vc,,
Venezuela,Venezuela,,Venezuela,Venezuela,nation,,,ve,,
Viet Nam,Vietnam,,Vietnam,Viet Nam,nation,,,vn,,
Vanuatu,Vanuatu,,Vanuatu,Vanuatu,nation,,,vu,,
Samoa,Samoa,,Samoa,Samoa,nation,,,ws,,
Yemen,Jemen,,Jemen,Yemen,nation,,,ye,,
South Africa,Sydafrika,,Sydafrika,South Africa,nation,,,za,,
Zambia,Zambia,,Zambia,Zambia,nation,,,zm,,
Zimbabwe,Zimbabwe,,Zimbabwe,Zimbabwe,nation,,,zw,,
Jordan,Jordanien,,Jordanien,Jordan,nation,,,jo,,
East Germany,Östtyskland,,Östtyskland,East Germany,nation,,,dd,,
Serbia and Montenegro,Serbien och Montenegro,,Serbien och Montenegro,Serbia and Montenegro,nation,,,yu,,
Soviet Union,Sovjetunionen,,Sovjetunionen,Soviet Union,nation,,,su,,
South Yemen,Sydjemen,,Sydjemen,South Yemen,nation,,,yd,,
Netherlands Antilles,Nederländska Antillerna,,Nederländska Antillerna,Netherlands Antilles,nation,,,an,,
Palestine,Palestina,,Palestina,Palestine,nation,,,ps,,
Hong Kong,Hongkong,,Hongkong,Hong Kong,nation,,,hk,,
American Samoa,Amerikanska Samoa,,Amerikanska Samoa,American Samoa,nation,,,as,,
North Vietnam,Nordvietnam,,Nordvietnam,North Vietnam,nation,,,vd,,
Channel Islands,Kanalöarna,,Kanalöarna,Channel Islands,nation,,,gb-cha,,
Sikkim,Sikkim,,Sikkim,Sikkim,nation,,,sikkim,,
Curaçao,Curaçao,,Curaçao,Curaçao,nation,,,cw,,
European Union,Europeiska unionen,,Europeiska unionen,European Union,nation,,,eu,,
Faroe Islands,Färöarna,,Färöarna,Faroe Islands,nation,,,fo,,
Isle of Man,Isle of Man,,Isle of Man,Isle of Man,nation,,,im,,
Macau,Macao,,Macao,Macau,nation,,,mo,,
New Caledonia,Nya Kaledonien,,Nya Kaledonien,New Caledonia,nation,,,nc,,
Northern Mariana Islands,Nordmarianerna,,Nordmarianerna,Northern Mariana Islands,nation,,,mp,,
Sint Maarten,Sint Maarten,,Sint Maarten,Sint Maarten,nation,,,sx,,
Saint Martin,Saint Martin,,Saint Martin,Saint Martin,nation,,,mf,,
Turks and Caicos Islands,Turks- och Caicosöarna,,Turks- och Caicosöarna,Turks and Caicos Islands,nation,,,tc,,
United States Virgin Islands,Amerikanska Jungfruöarna,,Amerikanska Jungfruöarna,United States Virgin Islands,nation,,,vi,,
British Virgin Islands,Brittiska Jungfruöarna,,Brittiska Jungfruöarna,British Virgin Islands,nation,,,vg,,
Puerto Rico,Puerto Rico,,Puerto Rico,Puerto Rico,nation,,,pr,,
Guam,Guam,,Guam,Guam,nation,,,gu,,
Greenland,Grönland,,Grönland,Greenland,nation,,,gl,,
French Polynesia,Franska Polynesien,,Franska Polynesien,French Polynesia,nation,,,pf,,
Cayman Islands,Caymanöarna,,Caymanöarna,Cayman Islands,nation,,,ky,,
Bermuda,Bermuda,,Bermuda,Bermuda,nation,,,bm,,
Aruba,Aruba,,Aruba,Aruba,nation,,,aw,,
Czechoslovakia,Tjeckoslovakien,,Tjeckoslovakien,Czechoslovakia,nation,,,cs,,
Saint Pierre and Miquelon,Saint-Pierre och Miquelon,,Saint-Pierre och Miquelon,Saint Pierre and Miquelon,nation,,,pm,,
Falkland Islands,Falklandsöarna,,Falklandsöarna,Falkland Islands,nation,,,fk,,
French Guiana,Franska Guyana,,Franska Guyana,French Guiana,nation,,,gf,,
Guadeloupe,Guadeloupe,,Guadeloupe,Guadeloupe,nation,,,gp,,
Martinique,Martinique,,Martinique,Martinique,nation,,,mq,,
Montserrat,Montserrat,,Montserrat,Montserrat,nation,,,ms,,
Gibraltar,Gibraltar,,Gibraltar,Gibraltar,nation,,,gi,,
Réunion,Réunion,,Réunion,Réunion,nation,,,re,,
Saint Helena,Saint Helena,,Saint Helena,Saint Helena,nation,,,sh,,
Western Sahara,Västsahara,,Västsahara,Western Sahara,nation,,,eh,,
Cook Islands,Cooköarna,,Cooköarna,Cook Islands,nation,,,ck,,
Niue,Niue,,Niue,Niue,nation,,,nu,,
United States Minor Outlying Islands,Förenta staternas mindre öar i Oceanien och Västindien,,Förenta staternas mindre öar i Oceanien och Västindien,United States Minor Outlying Islands,nation,,,um,,
Wake Island,Wake Island,,Wake Island,Wake Island,nation,,,wk,,
Mayotte,Mayotte,,Mayotte,Mayotte,nation,,,yt,,
Anguilla,Anguilla,,Anguilla,Anguilla,nation,,,ai,,
Tokelau,Tokelau,,Tokelau,Tokelau,nation,,,tk,,
Wallis and Futuna Islands,Wallis och Futuna,,Wallis och Futuna,Wallis and Futuna Islands,nation,,,wf,,
Belgium-Luxembourg,Belgien-Luxemburg,,Belgien-Luxemburg,Belgium-Luxembourg,nation,,,be .lu,,
British Indian Ocean Territory,Brittiska territoriet i Indiska oceanen,,Brittiska territoriet i Indiska oceanen,British Indian Ocean Territory,nation,,,io,,
Pitcairn Islands,Pitcairnöarna,,Pitcairnöarna,Pitcairn Islands,nation,,,pn,,
Organisation of Eastern Caribbean States,Östkaribiska staters organisation,,Östkaribiska staters organisation,Organisation of Eastern Caribbean States,nation,,,oecs,,
Northern Cyprus,Nordcypern,,Nordcypern,Northern Cyprus,nation,,,cc,,
